guid,brisque
20230228-18h13m46s,48.648633725804956
20230228-18h40m13s,68.15558657461563
20230228-14h47m33s,68.8919753974611
20230301-19h37m37s,68.45970313319557
20230228-15h42m55s,70.43956346066895
20230301-11h51m21s,50.155290008169715
20230301-19h48m25s,55.666977472659795
20230301-12h01m33s,47.923931199989596
20230228-18h52m20s,65.33594602471678
20230301-11h14m04s,54.12503834603629
20230228-14h54m18s,53.76069840413439
20230301-11h19m57s,49.38758041252308
20230301-19h25m34s,69.32102544782433
20230301-19h58m39s,49.666906239664655
20230228-19h08m24s,68.76583222407018
20230301-20h03m44s,58.27653065317824
20230228-14h42m16s,53.52397573374142
20230228-15h37m38s,51.31506616824245
20230228-18h29m05s,50.058290836365046
20230228-19h03m08s,49.539874353539716
20230301-12h06m37s,53.66237588231721
20230301-19h20m17s,54.13492333451288
20230301-20h09m03s,67.005065724677
20230228-15h22m19s,50.5123190065045
20230228-18h24m10s,71.07901728286342
20230228-15h04m33s,53.09699804729061
20230301-11h36m01s,55.435188838228186
20230301-19h15m10s,53.40383638766323
20230301-12h21m57s,55.94038266578926
20230228-14h59m37s,69.75626899589449
20230301-11h56m37s,67.41238843327025
20230301-11h25m14s,68.43830946162333
20230228-14h37m08s,54.146760136470135
20230228-15h32m31s,52.2095204546396
20230301-19h10m14s,66.46448732306274
20230301-12h27m15s,66.75558447362366
20230301-19h53m43s,68.65997628057468
20230228-18h18m54s,49.998531999913354
20230301-19h04m56s,53.849859827396614
20230301-11h46m13s,50.539988545984244
20230228-15h10m23s,60.454353298732116
20230228-18h34m57s,53.5449002608656
20230301-12h16m49s,53.703198846718266
20230301-11h30m08s,53.92514875529011
20230301-12h11m54s,66.11322856592503
20230228-18h57m15s,52.574027122184845
20230228-18h03m33s,51.82838971818339
20230301-11h41m17s,67.82284188639116
20230301-19h32m18s,51.99340161293841
20230228-15h27m36s,66.61621227767623
20230228-17h58m25s,55.045777782356055
20230301-19h42m33s,53.54960209475357
20230228-18h47m02s,53.358282390543735
20230228-18h08m50s,68.43108023090886
20230228-15h15m41s,68.35130511506313
20230306-17h52m43s,47.89829527656323
20230306-13h42m36s,66.86042019188173
20230306-17h25m17s,53.51318689175977
20230306-14h47m19s,77.15962919009732
20230306-12h55m47s,81.10206724370087
20230306-17h15m13s,78.55740959612697
20230306-16h54m43s,52.060314688674026
20230306-16h22m36s,54.01200682638719
20230306-13h21m57s,77.82511502088582
20230306-17h35m51s,67.77814689778515
20230306-13h00m39s,49.14346033621436
20230306-17h42m40s,77.49147339109899
20230306-15h47m17s,80.3215480405506
20230306-14h29m59s,48.12698607287322
20230306-17h20m24s,80.1550001454356
20230306-14h09m58s,67.52462599939005
20230306-16h49m50s,68.11135514422787
20230306-12h50m36s,76.20497344619858
20230306-16h38m52s,66.35435306224159
20230306-17h47m50s,81.24176160374074
20230306-16h28m31s,45.80649987100392
20230306-15h57m18s,51.428832100279095
20230306-14h52m30s,80.97027321394611
20230306-17h57m51s,49.555155970998186
20230306-14h04m31s,50.902328184195056
20230306-16h44m40s,79.02991325544068
20230306-16h02m34s,68.47337970422953
20230306-17h05m16s,68.8302547533539
20230306-16h17m44s,68.55616418279087
20230306-14h40m31s,68.79861182946692
20230306-16h33m56s,68.65318037910308
20230306-16h59m51s,52.23939559731397
20230306-15h26m44s,47.97110424950475
20230306-16h12m34s,77.4223847211002
20230306-13h05m46s,46.75169587110699
20230306-13h16m09s,65.27345397602792
20230306-13h27m07s,81.35166239104828
20230306-15h19m57s,68.87167500301766
20230306-15h37m04s,61.601362952992844
20230306-17h30m25s,51.814791126655535
20230306-15h07m58s,68.378784126579
20230306-16h07m30s,59.31543128495704
20230306-15h42m07s,77.28891823851953
20230306-17h10m11s,60.52360927712945
20230306-15h32m08s,67.71824276456866
20230306-15h52m10s,53.90707804011478
20230306-13h52m34s,76.82943897971344
20230306-13h47m31s,59.727145070396574
20230306-15h02m31s,47.480841636268934
20230306-13h32m01s,54.36198280163447
20230306-14h19m55s,76.30944121572858
20230306-13h37m10s,47.3881741063756
20230306-14h25m05s,67.29261526824197
20230306-14h14m52s,62.02859029381577
20230306-13h57m45s,68.12953599090858
20230306-14h57m23s,52.33910867464792
20230306-15h14m47s,77.57850589580599
20230306-13h11m13s,67.22465277697202
20230306-14h35m04s,51.10584797710382
20230307-03h01m38s,66.49845707355857
20230306-23h05m54s,81.31653326278897
20230307-00h27m22s,59.98252443113168
20230306-23h56m51s,59.10950298181976
20230307-02h08m43s,49.69854703607834
20230307-01h21m14s,67.41991563140297
20230306-18h30m44s,69.64619786074408
20230306-21h56m02s,67.82062252941196
20230306-23h51m56s,71.33630290033844
20230306-19h36m22s,76.26288421605469
20230306-20h54m51s,64.62381332301786
20230306-22h12m54s,50.8519996706506
20230307-02h35m59s,45.708381108637155
20230306-21h04m50s,76.99959471610018
20230307-02h51m27s,58.8901345559232
20230306-21h40m36s,80.69721736964559
20230307-01h09m54s,52.32175008011214
20230307-02h19m18s,67.52744818746291
20230307-03h17m06s,67.46823186383298
20230307-01h43m15s,47.74046047689055
20230307-00h17m03s,50.404658733945695
20230306-18h37m32s,76.95269590657509
20230306-19h57m01s,67.56409203227108
20230307-00h47m38s,50.22417204931767
20230307-00h07m03s,79.72903168148818
20230306-21h25m28s,65.58497191962667
20230306-22h02m51s,76.77578787460706
20230306-22h40m15s,42.14278661987382
20230306-20h34m12s,77.46755542587735
20230306-22h23m27s,67.95829177466075
20230306-18h20m12s,52.811247345180306
20230306-22h50m47s,70.2252885054937
20230307-01h28m04s,76.9011089263445
20230306-19h03m06s,64.67721241665194
20230307-00h37m35s,80.64068266603041
20230307-01h05m01s,68.43755954428255
20230306-22h30m11s,76.94435962882292
20230307-00h53m03s,67.63960731460313
20230307-02h46m32s,69.85892004259537
20230306-20h27m28s,68.72706222004538
20230307-01h33m14s,69.56966463481578
20230306-20h16m58s,42.15517228287493
20230306-19h13m20s,70.10273768900927
20230306-22h18m02s,46.980164574780275
20230306-22h08m01s,80.2106141055153
20230306-21h45m30s,49.00876888985388
20230306-20h12m05s,80.37076218320178
20230307-02h31m06s,67.42025830798408
20230306-20h44m16s,51.28111981608092
20230307-03h11m40s,51.04184871220909
20230306-18h10m10s,77.06100454745828
20230306-18h25m20s,49.94516965284933
20230306-23h00m44s,77.49638737677512
20230306-20h39m23s,67.92351597458887
20230306-20h22m03s,47.956952450277385
20230306-18h47m36s,52.947661272990246
20230306-21h20m02s,49.01470679260345
20230306-18h52m45s,49.268291770906814
20230306-19h29m32s,64.43335160637938
20230306-20h01m57s,66.49917633304861
20230307-01h38m07s,52.09705234486026
20230306-18h03m16s,69.26853076146207
20230306-20h49m24s,50.92074352406283
20230306-21h35m26s,76.94585643253558
20230306-23h10m47s,49.66736186287423
20230306-21h50m38s,50.33815967103479
20230306-23h31m18s,77.61126080112072
20230307-01h53m37s,64.30074225244076
20230307-01h15m48s,47.95521305516556
20230306-20h06m59s,77.64134854275969
20230306-19h46m25s,48.790625433906115
20230306-19h51m34s,50.7533779134865
20230307-00h59m51s,77.01218030762587
20230306-22h55m41s,64.48738517568867
20230306-23h36m29s,66.30454908755175
20230307-00h22m27s,67.23111468326064
20230306-19h24m07s,48.30053598416484
20230307-00h32m25s,77.17406229093942
20230307-00h11m57s,45.95591001877219
20230306-23h41m21s,49.89100529260563
20230307-15h19m42s,69.32857872281167
20230306-21h30m23s,58.25685259523769
20230306-19h18m13s,51.56819326432017
20230307-02h41m06s,44.994797061408946
20230307-02h13m52s,50.73873216954988
20230306-21h14m54s,47.01248142718802
20230307-02h03m50s,69.42011153926362
20230306-20h59m47s,59.376152309844514
20230306-22h45m21s,51.03244120599007
20230307-15h09m15s,52.92116548623025
20230307-16h22m45s,67.68231206432776
20230306-22h35m22s,65.73001153635684
20230306-18h42m42s,69.50915990302943
20230306-23h15m56s,50.13950282006775
20230307-03h06m32s,50.497049637182755
20230307-01h48m42s,68.68638110415517
20230306-18h15m19s,66.49516889959975
20230306-23h21m22s,70.37741873972547
20230307-01h58m40s,76.28204288693311
20230307-16h02m42s,66.86461177077453
20230307-16h12m41s,76.6769718927674
20230307-15h04m22s,69.25378690021606
20230307-14h59m12s,77.11402667129997
20230307-15h14m23s,56.508323528795955
20230307-14h23m36s,47.086506841991394
20230306-21h10m00s,81.7066256950429
20230306-23h46m30s,49.89757508320426
20230307-16h58m22s,51.91352485890374
20230307-13h11m34s,76.92967474809942
20230307-13h21m37s,64.40795830978809
20230306-18h58m11s,68.62756561724828
20230307-00h42m29s,52.781413752318855
20230307-02h56m28s,77.24319244822303
20230307-13h26m40s,77.35571515612773
20230307-12h19m32s,52.92173370919946
20230307-14h07m21s,53.5863200990901
20230307-02h25m56s,76.761673107355
20230306-23h26m16s,61.32647032831167
20230307-00h01m54s,76.9178108447804
20230306-19h08m10s,77.54351867215732
20230306-19h41m31s,69.9118787114032
20230307-12h29m55s,65.62170386541132
20230307-12h04m13s,49.66648134087106
20230307-13h36m42s,45.6785768315726
20230307-13h01m36s,66.62867458107925
20230307-12h24m38s,55.3917518246183
20230307-16h27m48s,77.7094390957063
20230307-15h57m16s,47.192514053925976
20230307-14h44m07s,77.41416387085982
20230307-13h06m31s,58.3807331871769
20230307-14h34m09s,68.20400404366856
20230307-16h17m51s,67.20984573668929
20230307-11h44m15s,80.55348930923887
20230307-15h41m49s,48.34402171134255
20230307-13h52m01s,53.51633220905629
20230307-15h52m07s,53.984851037564766
20230307-14h28m44s,50.51550872482929
20230307-16h48m18s,67.59809374802799
20230307-13h41m48s,51.649879696521765
20230307-11h49m08s,60.144318463709595
20230307-12h34m50s,50.721481339371934
20230307-12h39m57s,49.5661013721506
20230307-13h57m08s,48.7466530018726
20230307-16h43m00s,49.47212013110092
20230307-11h59m19s,70.36698956268228
20230307-12h45m22s,69.41591374691663
20230307-15h36m40s,53.48074284837085
20230307-15h26m29s,53.8213067878406
20230307-16h37m53s,48.02608328350996
20230307-14h49m15s,70.78034421857419
20230307-11h39m03s,76.92604787431722
20230307-16h53m14s,48.9150743653403
20230307-13h47m06s,67.13973191303185
20230307-14h18m40s,66.91312791766993
20230307-12h14m37s,67.97995132324556
20230307-12h56m10s,49.040689669030854
20230307-13h16m44s,82.33624438471222
20230307-14h13m15s,45.16906872379221
20230307-15h31m46s,66.7913596656384
20230307-14h02m26s,68.32638652375752
20230307-11h54m10s,76.8637547794601
20230307-14h39m04s,61.752323258539974
20230307-15h47m12s,68.33991008930306
20230307-14h54m08s,61.01346547245052
20230307-13h31m50s,68.07699659184195
20230307-12h09m19s,52.88403477679614
20230307-16h33m00s,70.7418450914549
20230307-12h50m17s,49.27555366611469
20230307-16h07m38s,66.86014259142402
20230308-13h02m47s,66.63956595526284
20230307-22h32m50s,68.47632788663296
20230307-23h46m56s,68.37166607696926
20230308-20h43m44s,77.75672523673765
20230307-19h56m16s,52.24537119649071
20230308-16h53m34s,51.401180257538925
20230308-12h41m53s,49.675043683145844
20230308-23h16m31s,49.010971080717496
20230308-10h20m34s,65.87144093797994
20230308-06h28m21s,52.773290816242564
20230307-18h14m56s,53.518549849794255
20230309-05h25m07s,65.09130878234217
20230307-20h49m22s,61.96198688641866
20230307-20h55m09s,78.60621500251008
20230309-00h45m09s,49.32224141861187
20230309-07h34m25s,65.78715142982637
20230308-16h26m17s,77.84121801897581
20230308-12h47m18s,68.81835707566452
20230308-23h05m42s,67.10171754916732
20230308-09h24m03s,53.0402987460956
20230308-20h28m36s,78.51917940962969
20230308-12h11m08s,51.246758888290145
20230308-08h43m28s,76.74491142979375
20230307-20h01m34s,70.71109716890666
20230308-13h07m43s,61.58411155042913
20230307-19h01m00s,50.191533555457085
20230307-21h05m11s,49.78961798079169
20230308-14h36m01s,67.39189458544033
20230308-14h09m21s,53.42741422073854
20230307-21h47m07s,67.99411215065899
20230307-22h44m50s,68.22288068666077
20230308-00h49m51s,48.36016185143839
20230308-20h38m40s,64.64881085184604
20230308-04h44m45s,66.66191114801617
20230308-13h59m09s,53.88794996813917
20230307-21h41m42s,46.95067365977397
20230308-08h33m27s,65.4783717657742
20230308-15h16m18s,52.34198959207541
20230308-00h03m47s,48.819243800647
20230309-06h52m02s,68.63919381483308
20230308-14h04m26s,66.49783817676754
20230308-06h02m12s,71.74735640646102
20230307-21h57m10s,50.67322003608618
20230307-19h06m25s,65.00662908733418
20230307-18h20m14s,67.0606197315337
20230308-04h33m35s,53.293172123156666
20230307-19h17m08s,76.93405404013751
20230309-03h58m26s,77.15133150080467
20230309-07h41m15s,52.983948434933296
20230308-06h22m29s,54.40911132269909
20230307-21h31m41s,69.00922401134628
20230308-23h49m00s,68.43958104747239
20230308-07h04m41s,67.5034538267183
20230308-01h12m20s,69.70002037689582
20230309-04h59m17s,45.371740988972675
20230308-04h54m49s,53.59626600799302
20230308-00h08m55s,49.842431142396634
20230309-03h25m42s,52.939916999710164
20230308-17h39m15s,68.66718706622262
20230309-04h23m35s,49.562444941845996
20230308-10h27m12s,77.10961410748624
20230308-05h36m05s,64.88011348843352
20230308-06h33m39s,68.5001405949827
20230309-00h29m42s,46.948389853230054
20230309-07h19m06s,81.11428459777196
20230308-15h52m22s,66.0215267424687
20230308-08h12m30s,51.76609152755756
20230308-04h12m49s,65.89258601834345
20230308-18h09m37s,68.31177035851218
20230308-07h34m59s,71.8587105606023
20230307-23h36m00s,59.48533151708378
20230308-05h25m43s,48.863217139771024
20230308-16h02m22s,47.14659661738958
20230308-03h31m39s,50.27850846962704
20230308-21h51m16s,66.6444650199131
20230308-02h56m06s,71.06446279589156
20230307-23h10m12s,52.59942771806985
20230309-03h30m50s,50.063387469854064
20230308-10h42m22s,50.40221826769587
20230308-03h16m20s,53.1358361176012
20230308-14h30m36s,48.924903597892154
20230308-05h20m34s,49.560233480665744
20230308-23h10m37s,54.64466118390126
20230308-08h02m24s,67.44600942313323
20230308-02h50m55s,77.1391089812823
20230309-00h50m34s,69.96780661125806
20230309-07h46m32s,68.62888055671587
20230309-05h14m45s,50.306535251244014
20230307-20h06m29s,52.95205340569524
20230308-02h25m52s,69.4870970259224
20230308-20h21m46s,65.25161651087453
20230309-04h18m41s,68.01944572104074
20230308-17h49m11s,77.70097651901162
20230307-22h22m37s,59.59954360235699
20230308-02h41m00s,65.38070534203675
20230307-22h54m51s,56.82877779339785
20230308-02h15m18s,53.09356086675237
20230309-00h57m22s,77.94875116528411
20230308-19h11m02s,80.21390374007066
20230307-23h25m38s,48.941190720742924
20230308-19h05m51s,76.96740303112338
20230308-22h02m00s,78.16631466233596
20230308-12h36m45s,53.87553315608025
20230308-03h47m06s,56.03713208605697
20230309-03h36m16s,67.2323005033276
20230308-21h25m15s,48.70399712664252
20230309-08h14m15s,66.19965076758271
20230309-01h38m34s,53.08607154569242
20230308-17h21m52s,48.26697304149141
20230308-00h19m08s,50.948026580755624
20230307-17h59m44s,78.51183994380719
20230307-17h49m47s,66.90089797107996
20230308-04h49m41s,54.627492770930104
20230309-07h13m56s,76.86896730468337
20230308-10h47m39s,66.98299349489648
20230308-09h08m42s,52.38577024508393
20230309-04h13m32s,77.59196270986897
20230308-10h05m25s,66.48870225330924
20230307-23h00m08s,65.3837596684663
20230308-15h11m10s,52.001539755523396
20230308-16h43m31s,69.36942062946352
20230308-09h34m26s,67.53459159088263
20230309-04h54m10s,49.920484952582996
20230308-14h25m29s,52.251966464679384
20230309-05h09m38s,54.78730918888576
20230308-14h20m34s,71.24882890734884
20230308-11h35m42s,60.033124548838174
20230308-13h13m31s,77.61216656914345
20230307-23h53m43s,77.40620026346662
20230309-04h38m52s,52.26980099023794
20230309-01h28m22s,52.996728757501984
20230308-21h15m02s,51.25740913714699
20230308-03h57m40s,66.03998685425219
20230308-11h50m51s,63.96095150636049
20230307-19h34m15s,71.81118398769635
20230307-17h39m34s,59.07005698460168
20230309-02h29m56s,79.00014710619499
20230309-07h04m01s,69.16443801865111
20230309-03h20m48s,67.18386909937132
20230308-08h28m02s,50.31537764285619
20230308-09h03m47s,69.68421014285045
20230307-22h39m32s,52.11880933033743
20230308-12h21m21s,50.939836426314145
20230308-07h41m45s,52.52102721085137
20230308-14h46m00s,76.02918292132554
20230308-17h44m08s,62.59923342116488
20230308-16h48m26s,54.48775358076054
20230308-04h23m29s,77.31237354039948
20230308-00h34m30s,49.82579217795589
20230309-03h43m06s,51.70860286270599
20230308-01h59m49s,52.63692847614956
20230309-03h53m24s,56.96797110246766
20230308-12h16m25s,65.41315147613628
20230308-10h52m36s,54.526557262955606
20230309-02h45m00s,78.67747153075928
20230309-00h19m40s,66.36372043310254
20230308-00h54m59s,45.787421717206115
20230308-05h57m01s,77.23174307104901
20230308-14h56m04s,58.72560744340214
20230308-23h33m53s,80.68298193906
20230308-06h07m07s,53.298218849303595
20230308-11h20m12s,47.75010849687058
20230308-17h27m16s,67.22797827236994
20230308-03h00m59s,52.73304684433444
20230308-17h09m37s,50.78438473378512
20230308-09h49m55s,69.36393427344885
20230309-02h35m05s,69.10944536704145
20230309-04h03m36s,70.28332199811868
20230309-04h49m15s,68.34939437067484
20230309-01h59m03s,52.715510345814124
20230307-18h40m26s,53.67589790135034
20230309-01h02m31s,68.49944372436889
20230307-17h24m05s,48.82873210672008
20230307-22h12m34s,76.83904359088334
20230307-23h41m46s,77.19557036378629
20230308-12h57m23s,47.122665673859814
20230307-18h25m08s,53.34223297536059
20230308-05h31m10s,68.00646692439463
20230308-01h44m30s,50.712179978721196
20230309-06h10m39s,47.1658511970779
20230308-08h22m53s,47.6461526264782
20230307-18h55m53s,54.182469406998706
20230308-23h21m56s,69.3095522082597
20230309-06h58m51s,78.4524304054494
20230307-23h20m34s,51.72963689313187
20230309-05h30m10s,77.43405700748193
20230308-18h40m23s,67.23930662631645
20230308-19h22m53s,66.50848748263704
20230308-19h27m46s,51.29549368417602
20230308-12h26m29s,55.74037527783051
20230308-06h59m15s,48.037821068434226
20230307-19h29m05s,76.65817273485848
20230308-22h38m18s,67.90298293939381
20230308-15h36m53s,67.44200866924845
20230307-19h49m34s,67.4004187513851
20230307-19h11m21s,58.63863878165009
20230308-12h52m14s,48.331096886244694
20230308-22h22m16s,69.15742509894332
20230308-13h38m41s,49.55029074899974
20230308-21h56m12s,60.30884784088752
20230308-05h15m39s,67.5740249865415
20230308-05h47m03s,71.47824047072956
20230307-18h30m16s,50.06920613145323
20230309-08h08m47s,46.20826792356249
20230309-01h33m39s,67.33913724064095
20230308-04h39m27s,51.77444013244005
20230308-22h07m10s,67.88093913820066
20230308-09h44m31s,49.82476342770215
20230308-03h21m26s,49.4668502071074
20230308-16h07m47s,69.32507987542849
20230309-06h21m02s,69.05443050780215
20230308-22h53m39s,69.43213941884702
20230308-22h27m09s,51.73891364463614
20230308-21h40m41s,53.56839016264527
20230307-21h20m31s,54.03422039434858
20230308-17h03m45s,47.993442809659456
20230307-22h07m31s,64.65764301419895
20230307-20h11m37s,51.04507854127658
20230308-02h45m52s,59.242711334115
20230307-21h26m23s,49.18913731353027
20230308-13h33m48s,69.12271967727574
20230308-06h12m16s,49.43581679495688
20230307-23h58m54s,65.08895265923942
20230308-15h26m30s,49.306680868514974
20230308-01h00m22s,67.51462463231715
20230307-17h19m11s,69.13171221410815
20230308-01h29m10s,52.9264943937134
20230308-15h01m06s,76.73128872690145
20230309-02h24m54s,60.73482951905581
20230308-23h38m46s,63.463301128420056
20230308-19h17m43s,78.30749910072402
20230308-11h45m56s,68.4553621683115
20230309-01h43m41s,52.077466204304386
20230308-20h16m29s,50.46631373042871
20230309-06h36m33s,69.1848072913775
20230308-13h23m35s,63.67838547053728
20230309-06h41m27s,47.84728791202119
20230307-19h39m08s,51.34885084711854
20230307-23h05m05s,53.62252194707489
20230307-23h15m40s,69.19323524376918
20230308-06h17m33s,69.06539319988983
20230308-13h28m38s,78.7277399709923
20230309-05h40m14s,60.53611212968772
20230307-20h22m00s,53.061669419190565
20230308-18h29m51s,53.76634860571207
20230308-02h20m27s,46.97823679626535
20230308-08h48m39s,80.64990526739197
20230309-04h28m39s,49.80568391558356
20230309-07h08m54s,72.25922228042967
20230309-03h00m10s,49.49323014902049
20230308-07h14m41s,77.73006269402472
20230309-00h14m22s,53.271627830697554
20230309-02h09m23s,48.693495233133916
20230308-20h59m39s,49.24357017698557
20230308-21h20m18s,68.7464661069773
20230308-03h42m11s,67.06234988634125
20230307-17h03m38s,69.06555362396236
20230309-07h23m59s,51.422290811485624
20230308-20h09m40s,67.10142728295406
20230307-20h32m32s,68.34485934773235
20230308-04h07m40s,76.6374250878525
20230308-11h55m53s,77.2002572497112
20230308-10h37m15s,46.12072167261286
20230309-00h24m35s,50.16723228043324
20230308-02h10m24s,66.76296410122913
20230308-08h53m33s,66.9207021889786
20230308-08h58m37s,78.28112196514851
20230308-21h30m23s,49.278692966844545
20230309-02h50m10s,68.59797147368923
20230308-12h31m48s,68.018346783341
20230308-18h34m59s,48.77157756772024
20230308-23h00m17s,47.79648687697434
20230307-18h04m55s,71.69410364208736
20230308-08h38m24s,58.910328613205905
20230309-06h00m26s,57.2915169626003
20230308-11h30m45s,67.76564512814136
20230307-22h02m37s,66.53812924869808
20230308-18h45m19s,48.674009361032375
20230308-16h31m26s,67.34311620197079
20230308-22h17m06s,77.35424017789049
20230308-09h13m50s,51.57930782125854
20230309-03h10m23s,53.68894117151879
20230308-07h51m58s,53.23901804843851
20230309-00h09m15s,52.108853639140165
20230308-01h54m55s,65.95859469237652
20230308-00h44m56s,68.22434649034156
20230309-08h01m59s,70.62437321003844
20230308-16h58m50s,68.22584862725179
20230309-02h19m57s,70.34728308904235
20230308-23h43m50s,77.80872252433275
20230308-18h04m20s,52.18427974446203
20230308-13h49m04s,67.08241038909486
20230308-14h40m57s,66.02363016552519
20230308-09h29m12s,53.22134051674928
20230308-15h06m17s,68.30791724371895
20230308-07h24m45s,59.18652831505065
20230307-19h22m18s,66.93601674096064
20230308-12h01m04s,81.27197860943804
20230308-20h53m47s,48.15039306475816
20230308-17h54m19s,68.53897614371456
20230307-17h44m37s,76.87016460851717
20230307-19h44m16s,50.451734417643905
20230309-01h53m55s,51.63672951518495
20230308-04h28m41s,70.68728520431475
20230307-21h15m36s,68.31727016392799
20230307-21h36m36s,52.92854181453495
20230309-01h17m36s,66.33169124293394
20230309-01h12m27s,78.0495958316578
20230308-22h33m00s,59.05526453552923
20230308-13h54m01s,53.04934071261718
20230308-18h55m53s,66.39284245802034
20230308-14h51m11s,68.37301262783117
20230309-07h51m26s,53.80321446016748
20230308-05h51m58s,65.92486927776795
20230308-05h00m08s,66.36431487658612
20230308-07h19m50s,68.75279538242373
20230309-00h04m20s,68.82718504044001
20230307-20h39m20s,77.29671937434048
20230309-06h15m44s,49.369964206134426
20230309-07h56m34s,47.759235300651056
20230307-18h50m59s,67.1581746554493
20230308-00h39m32s,47.97655428719284
20230308-15h46m57s,51.25480408157742
20230308-23h53m53s,50.79994134075852
20230308-16h19m41s,80.50342362674277
20230309-02h14m32s,50.761673094144754
20230308-04h02m36s,64.43743616191327
20230308-11h15m15s,70.12872234888911
20230308-22h12m03s,60.75492534787017
20230308-18h50m27s,50.34771806809866
20230307-21h00m18s,68.79776863161081
20230309-05h35m21s,71.65987561876372
20230308-01h07m10s,77.20637854583956
20230308-01h39m35s,68.8237854660384
20230309-06h31m05s,51.33815589425879
20230307-18h45m33s,50.643605359392296
20230307-18h35m31s,65.42199856225622
20230308-03h11m25s,66.74592399422883
20230307-22h27m40s,77.03547303589627
20230308-15h31m35s,53.223980518277784
20230309-03h05m27s,68.75461761162987
20230309-05h45m16s,78.39276584323878
20230307-21h52m03s,50.30496003401484
20230308-11h09m49s,47.046911256038214
20230307-17h08m38s,53.31971215352357
20230309-06h46m36s,48.789059698175805
20230308-17h15m02s,66.45622711363066
20230307-20h17m03s,68.04629145054159
20230308-10h00m01s,50.30107336479702
20230307-17h34m38s,67.18013670138075
20230308-16h14m31s,78.37951707823825
20230308-19h43m05s,53.55986417279516
20230308-11h03m04s,66.66942436110409
20230309-04h33m57s,66.62348241836716
20230309-02h39m58s,67.75334961532982
20230307-18h09m48s,54.24567058465257
20230307-21h10m18s,49.78772782161823
20230308-01h34m18s,57.27116746609093
20230308-04h17m43s,59.03888123932413
20230308-14h15m09s,44.786861777360144
20230308-08h07m22s,54.54365736951044
20230309-06h25m57s,54.565359168544234
20230308-15h21m35s,65.42959385684159
20230308-21h04m57s,67.84046866966466
20230308-02h30m47s,58.760657341863435
20230308-11h40m45s,77.60558377889626
20230308-03h52m13s,50.75931386585168
20230308-01h24m17s,70.06337544427763
20230308-05h10m14s,51.27502202337851
20230308-16h38m14s,49.8965823745103
20230309-02h04m28s,66.83169951121809
20230308-15h57m17s,47.87227869244671
20230308-07h57m07s,50.644611407251745
20230307-20h27m07s,48.70008367858358
20230309-05h20m11s,66.15398907318237
20230307-22h17m44s,80.28564089713095
20230308-00h24m16s,46.99635666288603
20230308-21h45m51s,48.720534037319425
20230308-06h54m07s,48.07024952684142
20230308-10h15m25s,77.54158149126485
20230308-06h49m11s,68.27663394623826
20230308-17h34m06s,78.21857021946059
20230308-07h47m03s,69.99088205791767
20230308-06h38m35s,48.79101082399657
20230308-19h54m15s,66.66300684283314
20230308-15h41m48s,48.65706900890635
20230307-22h49m45s,48.480124168786546
20230308-10h57m45s,58.68073454710711
20230308-21h09m53s,49.789215183422044
20230309-01h07m24s,62.36888600205472
20230309-07h29m07s,51.74405445167051
20230308-09h19m08s,68.4778814608641
20230308-09h39m22s,52.70776623914114
20230308-02h04m58s,47.5352867710599
20230309-05h55m19s,51.9952512712604
20230309-06h05m44s,65.85579482469038
20230309-01h48m59s,64.44058383264266
20230308-18h19m40s,52.828688099988966
20230309-04h43m58s,49.74583615929319
20230308-12h06m00s,51.79594290754656
20230308-01h19m07s,76.62990722076202
20230309-00h40m02s,44.43302241604536
20230308-19h00m48s,58.68965926033687
20230309-01h22m29s,52.89897530601948
20230308-03h26m45s,66.44223944783394
20230308-20h04m17s,50.393999773876914
20230308-07h09m37s,59.259914461164755
20230307-20h44m29s,69.68111969120181
20230308-17h59m12s,53.36415725698592
20230308-06h43m45s,48.85016569010591
20230307-17h29m12s,50.61272821312272
20230309-05h50m26s,67.5539875477672
20230308-11h25m21s,51.24205060665142
20230307-23h31m04s,67.72501884231102
20230308-07h29m48s,77.29180094251385
20230308-23h59m01s,60.24798698109035
20230308-09h54m51s,54.74800889729883
20230309-02h55m04s,54.89447669135993
20230308-01h49m38s,50.28393321821082
20230308-20h33m47s,65.91314329380472
20230308-19h59m11s,48.72786221866349
20230308-19h38m09s,67.88315236485622
20230309-04h08m29s,60.83043092421448
20230308-02h35m50s,76.51137930873048
20230308-08h17m57s,67.8123889301921
20230308-20h48m54s,79.63723578325309
20230308-03h36m45s,46.99389108343766
20230308-18h24m56s,69.44693537468433
20230308-00h29m34s,69.20381363006263
20230308-00h14m13s,67.95378234394391
20230308-05h05m05s,49.85847364209141
20230308-18h14m32s,55.747033646044514
20230308-22h48m21s,51.184912552770555
20230308-13h18m42s,67.86727345033725
20230308-03h06m07s,50.453699845198486
20230308-19h48m58s,49.96516435319111
20230309-03h48m29s,68.00287951221944
20230309-00h35m07s,71.11954312421025
20230308-22h43m13s,53.19438780493894
20230309-05h04m43s,66.16847999762612
20230308-13h43m47s,51.51234428463508
20230308-10h32m20s,74.28888640783882
20230307-17h13m48s,47.333058372346585
20230308-10h10m21s,60.87562940437064
20230308-23h28m44s,78.33542914193791
20230308-19h32m53s,49.10482110223805
20230308-05h41m53s,78.16549477012333
20230308-21h35m46s,66.92478668651617
20230307-17h54m41s,65.2614460848632
20230309-03h15m30s,50.610520829164585
20230313-03h46m51s,62.31868055543461
20230312-18h46m04s,72.00953474005067
20230313-03h58m48s,85.34220434582753
20230311-18h27m05s,85.46604369811152
20230313-11h39m45s,81.48168839492362
20230312-21h24m03s,60.19343733027844
20230311-20h35m32s,82.57637453522821
20230311-00h41m21s,82.13036258956876
20230311-17h19m14s,83.82795923156195
20230310-07h47m36s,66.04929775689894
20230312-17h03m45s,84.34473976062455
20230310-16h39m08s,80.0361326044023
20230313-00h09m21s,79.71499099421467
20230310-09h50m30s,60.518172280149
20230312-05h28m54s,83.24973631004835
20230310-13h01m47s,59.686305849881336
20230310-23h46m52s,84.16090942698335
20230312-02h34m34s,86.13607154578969
20230312-03h40m00s,70.76467662960951
20230311-20h41m14s,83.41620514537604
20230311-04h28m53s,85.96753043275785
20230309-12h45m18s,87.31599766363195
20230310-06h52m11s,82.32499669159168
20230311-17h41m15s,88.80765325399088
20230312-08h44m30s,84.73245119426448
20230313-15h33m18s,66.61745182486536
20230310-02h43m53s,85.94261834327446
20230311-08h53m18s,79.25985652815191
20230312-11h35m06s,61.33612780982915
20230313-11h50m42s,61.29398580454526
20230310-05h35m38s,81.60087599770682
20230311-07h25m11s,58.3036912178101
20230313-12h59m04s,81.544593061423
20230314-00h48m22s,81.25009784540796
20230312-08h22m23s,58.40118197442669
20230312-20h24m49s,80.52365531410945
20230313-18h43m18s,81.28825637392444
20230310-22h01m53s,82.05702824923978
20230311-20h57m34s,90.14198206598692
20230309-15h29m37s,53.34803963142926
20230312-01h33m30s,80.46729834792936
20230310-04h11m00s,62.287182619786535
20230309-14h57m07s,85.31948964992804
20230309-15h24m17s,68.16044874626394
20230309-20h12m13s,58.972811540751906
20230311-16h03m17s,80.03831540503697
20230313-04h37m28s,60.07349615551826
20230312-08h05m59s,64.37224092896841
20230313-00h20m18s,68.17483851879396
20230312-22h36m06s,69.8027417997449
20230313-15h10m54s,72.77338099313155
20230313-17h32m33s,84.05793483453144
20230310-08h15m39s,62.261515709549
20230311-19h34m09s,86.94817504417526
20230313-01h33m40s,85.76045144018164
20230310-04h22m12s,84.02980025809993
20230313-11h45m29s,73.70981934347103
20230312-09h50m43s,84.976899825461
20230310-00h52m05s,80.61148570184
20230312-04h17m58s,61.76498474134311
20230311-16h32m44s,83.73756916547958
20230310-03h27m12s,60.48113011678012
20230313-02h50m26s,80.03010391371876
20230311-06h19m58s,85.46153143155661
20230311-08h14m17s,61.798067616323095
20230313-07h33m06s,81.97398935978671
20230312-06h25m36s,82.08513135840926
20230313-10h30m23s,74.30083786708335
20230311-14h13m01s,85.31964196815997
20230310-03h32m59s,85.19974387904645
20230309-18h33m47s,80.01869092064484
20230313-16h38m54s,60.9949880280233
20230313-16h22m31s,81.58045879029149
20230311-06h27m05s,64.44076632295727
20230310-21h51m14s,84.59338365961443
20230313-18h49m31s,80.22378873695104
20230310-22h41m12s,74.01708342338608
20230310-10h01m44s,84.9079964247355
20230311-19h39m21s,83.05814643187821
20230312-15h56m21s,73.08712203875334
20230311-12h14m06s,68.4605376943505
20230313-04h32m15s,83.04865320095675
20230309-14h40m40s,52.45603273297948
20230311-03h55m58s,84.89209966783173
20230310-13h34m34s,80.64623014981314
20230312-06h41m54s,62.113386534352884
20230310-11h17m52s,81.25078373847029
20230312-20h19m23s,80.892488827569
20230312-20h14m11s,84.3686873814797
20230311-20h01m54s,80.30642084394518
20230310-13h58m35s,84.30137226631368
20230313-04h20m19s,80.98381922406148
20230311-05h30m47s,85.04744535594071
20230311-11h17m28s,80.79989184602621
20230310-19h56m42s,79.95698737102512
20230312-22h24m13s,82.47630782109675
20230311-12h03m10s,66.61457022758199
20230310-01h26m24s,64.90017802583677
20230312-00h33m18s,80.44303186635918
20230313-23h34m39s,80.56377925335121
20230311-09h42m30s,64.93391273176266
20230311-03h23m11s,83.37155928407591
20230311-07h02m45s,85.77948122118394
20230313-10h24m37s,58.26739838465764
20230312-00h55m28s,85.7846056009839
20230311-21h15m38s,82.59497321286815
20230310-16h33m43s,80.48169617673338
20230309-13h23m46s,83.73339814828236
20230312-17h14m55s,84.75080379838832
20230313-22h30m36s,80.5654741642513
20230311-23h32m45s,87.63492884631299
20230313-13h15m22s,66.36838538867877
20230310-19h51m16s,66.40895673305508
20230313-21h19m35s,73.35485769036868
20230310-20h32m43s,84.6102544402057
20230313-05h49m09s,80.24225691970898
20230313-02h45m01s,80.20811235291458
20230313-03h12m40s,83.65793189349986
20230311-17h24m56s,84.99672507021714
20230313-17h48m52s,84.71348997976483
20230309-13h34m14s,82.47767219443492
20230309-11h52m10s,87.0167979529443
20230310-05h06m16s,58.36436594462353
20230312-12h38m39s,79.35670313224071
20230312-06h09m16s,81.81769607619182
20230310-04h16m25s,60.12517760623663
20230312-11h51m32s,84.61198278038736
20230312-14h50m03s,85.99742742320623
20230310-00h13m51s,61.087512532567445
20230310-08h39m46s,84.0270869229399
20230311-00h19m42s,84.73143495345326
20230313-13h26m20s,60.09803288572144
20230313-22h36m00s,80.28267115959702
20230309-17h31m57s,71.31658640493382
20230313-07h27m23s,84.46561095319973
20230310-03h43m36s,79.21375264551054
20230313-15h44m30s,77.90325524740066
20230312-03h28m46s,62.59976041738835
20230312-15h28m50s,80.9609189588916
20230313-13h09m58s,83.74758446004793
20230310-08h21m05s,59.06277932958372
20230311-15h13m33s,80.18336154939274
20230313-09h41m20s,71.58022390876343
20230311-10h26m14s,80.97517640476795
20230312-14h38m11s,67.03826239333134
20230309-14h04m09s,82.73807765545396
20230313-11h29m10s,72.07175069083164
20230313-15h55m10s,58.155143227671346
20230309-21h02m03s,60.73237293157186
20230311-23h03m14s,84.81396878795462
20230310-18h40m31s,86.7812294955157
20230313-07h05m37s,60.76598225492492
20230309-22h41m07s,59.49566648690447
20230312-06h14m39s,82.78574170198252
20230310-20h20m48s,81.98385536272573
20230309-13h57m08s,87.19374484916491
20230309-14h46m09s,70.33558580482637
20230310-04h32m49s,66.56023514288282
20230309-12h32m47s,87.19447720359821
20230313-18h55m19s,85.2467312509572
20230313-10h02m51s,69.34775779941114
20230310-10h06m53s,81.65029455064789
20230311-23h54m18s,82.42499348344055
20230311-22h00m24s,84.78056745833018
20230312-23h03m00s,59.548656370880195
20230311-14h40m45s,60.80589180951969
20230310-06h30m33s,72.53179423267957
20230314-01h39m06s,67.25611378694154
20230310-20h37m56s,68.66286606191093
20230309-12h27m27s,83.38695435097756
20230312-10h28m45s,81.41609817220731
20230313-05h05m01s,71.07571053109334
20230312-01h38m56s,65.68760207667825
20230313-00h25m42s,64.69142349920074
20230313-05h21m22s,71.99108167672316
20230311-13h27m15s,84.76812655378282
20230312-13h25m04s,79.65588002158003
20230313-00h53m02s,83.06433660224732
20230311-18h32m18s,60.87274634486013
20230309-22h02m18s,83.26302306046861
20230314-00h31m13s,60.30580650388717
20230312-19h06m14s,59.045567304041214
20230312-04h50m45s,80.7265447529538
20230311-19h56m30s,83.08438695787575
20230311-21h38m12s,79.75356582650082
20230313-02h23m26s,85.99418109854182
20230311-15h02m56s,83.90201255142196
20230311-12h19m33s,58.193695021721766
20230311-17h57m36s,86.74285899968092
20230311-01h26m06s,85.76137828260286
20230310-09h39m32s,80.89303076436872
20230312-14h44m21s,79.82427624925148
20230312-21h51m23s,82.35879880451338
20230312-12h25m42s,80.85013050403043
20230311-09h09m43s,60.37922544290265
20230311-18h49m32s,83.82821656565474
20230312-10h07m08s,71.62984699627631
20230312-21h01m32s,66.61997188097959
20230311-00h58m31s,60.15970862677088
20230310-03h21m46s,59.75162416058592
20230310-22h18m13s,82.37663951118131
20230309-21h57m05s,86.91652776917832
20230311-11h30m20s,64.78919706074967
20230311-15h24m32s,58.179682651514184
20230309-20h45m40s,80.55911661650728
20230311-05h47m11s,84.61042377051402
20230313-23h40m25s,68.9899112136957
20230310-20h09m47s,59.90656578785908
20230311-07h52m45s,70.99654463719796
20230310-03h00m14s,85.12335172973408
20230313-12h01m54s,74.11361381085507
20230311-09h15m31s,85.42396642082721
20230311-18h15m53s,68.19239088305702
20230314-00h09m41s,72.80608084679781
20230312-00h10m43s,59.35761802590466
20230312-22h19m00s,84.9423851697571
20230313-12h53m40s,81.79732613458802
20230312-01h22m32s,65.37606323583483
20230311-07h30m37s,60.40555689228458
20230309-18h11m30s,85.92025741919721
20230312-12h10m47s,81.09865787953137
20230312-03h07m17s,70.70856932197441
20230311-20h30m08s,82.91007106335243
20230310-04h00m00s,80.10146682710442
20230311-02h36m55s,61.388439515119245
20230310-01h42m48s,65.2409315405578
20230310-05h00m52s,68.18767451915735
20230311-23h13m50s,80.19633165922104
20230311-13h32m28s,83.16936816023687
20230314-02h23m05s,86.16064506570856
20230312-05h58m19s,57.77775652304169
20230313-01h27m52s,60.101844805228694
20230310-07h58m35s,80.81448094144011
20230311-13h50m54s,60.71601305107313
20230310-23h35m44s,83.52789682600789
20230310-16h44m56s,83.36262295215906
20230313-09h19m09s,79.04921617613579
20230309-13h44m46s,85.0256630224537
20230310-20h59m43s,59.913301855746994
20230312-01h06m06s,60.741273942577806
20230310-23h57m30s,67.60965997395337
20230309-15h40m42s,67.29950541555232
20230312-16h58m31s,71.55938848775182
20230309-18h05m59s,69.24762807882607
20230310-11h57m06s,73.36663650444254
20230311-20h46m27s,81.47340163341013
20230310-01h09m16s,59.358539762442064
20230310-23h14m04s,85.40003577957575
20230309-14h09m33s,84.51852646808882
20230312-12h03m29s,74.02022791538158
20230312-00h22m40s,85.87237654877819
20230312-19h49m52s,60.9322445949625
20230313-21h03m12s,72.52428058614416
20230313-06h11m18s,84.3384154911258
20230311-14h35m20s,60.50925033760578
20230310-16h06m21s,58.13109335602198
20230310-21h23m41s,80.97560834638293
20230310-12h10m09s,83.42861905246522
20230310-10h56m06s,81.03234870901863
20230313-11h07m05s,59.7492907086814
20230313-12h13m17s,79.77532408395163
20230312-19h12m03s,87.14680515184449
20230311-06h45m43s,86.4960376039754
20230312-16h14m40s,83.29640754431674
20230312-15h11m41s,60.842373845082335
20230313-18h38m05s,83.53756238159892
20230309-13h06m14s,80.18045865147027
20230311-00h08m30s,63.01273990079531
20230314-02h06m38s,84.24619476654757
20230312-05h01m56s,85.07147533866768
20230313-14h59m41s,59.828392144874414
20230313-16h57m21s,84.22483178818376
20230313-00h47m51s,86.56468130937773
20230312-20h01m06s,85.42040723145473
20230312-03h12m29s,82.21384950116064
20230310-20h43m21s,69.18547154100881
20230312-03h01m32s,80.92068291054531
20230312-02h01m04s,88.11444559187501
20230309-18h45m02s,44.16972313021185
20230313-05h26m35s,66.76665191415313
20230313-17h43m11s,82.14729599551734
20230313-03h53m01s,61.596274877612615
20230312-16h20m03s,81.8309001755683
20230312-08h38m44s,81.96349348694773
20230312-18h13m20s,84.62734166063657
20230314-02h11m53s,59.26830045897182
20230309-23h52m19s,73.88864610131392
20230310-14h05m41s,81.24599545322368
20230310-07h31m11s,58.428880434417266
20230310-21h56m29s,82.07267217508209
20230313-09h30m09s,58.31954310431385
20230313-15h38m44s,80.03272591859164
20230312-19h17m15s,83.42675441071461
20230309-12h55m45s,83.95229499674403
20230311-01h31m19s,84.67203151853212
20230309-16h29m53s,68.65448699502312
20230311-17h08m38s,85.36950297561438
20230313-08h57m21s,82.59027850084519
20230310-05h41m25s,84.22293719481925
20230312-03h56m22s,85.03271308137735
20230310-00h08m39s,85.05768492767154
20230310-02h38m04s,59.06291792030456
20230311-17h46m24s,59.978821122910944
20230314-00h54m31s,81.43475766666776
20230312-23h52m13s,59.704251391276415
20230312-19h33m33s,83.19831185722543
20230312-07h33m12s,59.34967361843681
20230309-23h30m15s,59.37121369782702
20230310-02h21m39s,82.45880950573618
20230309-17h26m18s,86.51477805444583
20230313-09h51m55s,66.52140134354406
20230312-04h56m11s,65.05320547779846
20230311-10h50m30s,85.82407131185457
20230310-15h26m41s,84.391348090717
20230312-03h17m51s,79.9734481514615
20230312-22h07m47s,62.51172500492319
20230311-09h53m28s,57.510410866706394
20230310-00h41m28s,88.40555398629712
20230312-00h44m17s,69.07498783465743
20230310-08h10m27s,84.53285998599264
20230310-05h46m38s,64.50024573808227
20230312-05h41m54s,81.84437960888536
20230312-18h40m21s,82.90724072094534
20230312-23h19m24s,80.41227629656973
20230312-08h00m33s,69.27028708718566
20230311-02h09m31s,79.69104162628051
20230313-22h14m07s,61.218331418248766
20230313-13h50m31s,70.50173102272893
20230313-10h50m41s,79.73984549746714
20230310-17h06m34s,81.88932890712564
20230312-08h33m20s,82.52877118214681
20230310-09h17m51s,82.50293385637158
20230313-14h54m26s,84.29861464041605
20230313-21h30m13s,58.91301622308393
20230312-17h36m34s,58.896868358138846
20230311-07h14m11s,79.59730471383133
20230310-20h54m18s,69.13255937774838
20230313-03h06m52s,58.672722392543704
20230311-23h49m06s,84.71351682090469
20230310-15h31m54s,83.31736806307848
20230313-06h16m31s,61.4225551750753
20230310-02h32m38s,62.729682967229934
20230311-23h26m57s,58.479628533901035
20230309-20h35m06s,69.51077770045967
20230311-05h14m24s,86.68531297631003
20230309-22h35m42s,61.35570366981105
20230313-12h48m27s,83.20732397010735
20230313-05h15m37s,80.61753621647816
20230311-14h57m10s,81.96121142248396
20230314-01h22m40s,61.35966363524679
20230311-01h03m58s,60.48551266286441
20230310-01h15m03s,84.43052033701437
20230311-00h53m17s,70.55631148277789
20230312-11h24m09s,66.3117834636042
20230309-13h29m07s,86.08949003826106
20230313-06h49m18s,66.40937716699281
20230311-01h14m59s,80.7969267537168
20230312-14h16m33s,88.16317923192534
20230313-10h08m14s,79.76765921667592
20230313-07h49m24s,70.53383852039977
20230311-04h39m30s,80.86045298569545
20230313-08h29m57s,79.23175235849132
20230313-16h44m20s,58.872496922256715
20230312-10h17m45s,79.40406357151474
20230312-05h47m40s,85.85113972279109
20230311-12h41m42s,85.24764789336544
20230313-12h19m05s,82.21148134712391
20230312-15h06m28s,84.80800291686452
20230312-04h29m12s,85.4586940192722
20230311-18h21m19s,79.29314438131544
20230310-06h46m59s,85.763025567153
20230313-23h53m25s,72.44704397283826
20230311-07h19m57s,67.7022187084419
20230310-03h16m34s,72.90028602097149
20230311-11h57m45s,65.50490407154612
20230311-11h46m46s,79.52382337283987
20230314-00h37m23s,61.86673624723218
20230310-07h19m47s,87.75981830109495
20230311-14h46m32s,84.55410680777905
20230314-01h33m53s,72.11590003137863
20230312-23h25m11s,83.41338953249473
20230313-03h17m52s,81.24236108176987
20230310-19h23m53s,59.74140604147024
20230311-05h41m25s,79.59925480059698
20230313-18h05m13s,70.62875341035831
20230312-22h46m37s,80.33250550302299
20230311-12h59m43s,59.41537471991026
20230311-19h28m23s,57.39908449385851
20230312-19h44m40s,69.82865719396361
20230312-16h47m19s,60.089356465137286
20230311-14h07m17s,80.21846712018916
20230313-09h13m44s,68.70871230139542
20230310-19h02m05s,82.90626213731875
20230312-13h19m42s,79.52679251669966
20230312-09h17m20s,87.63188475939606
20230311-00h47m30s,80.79373506698997
20230310-02h49m06s,81.6187148920906
20230311-01h42m28s,85.92461816072372
20230313-16h17m18s,83.7570856355778
20230312-16h25m47s,84.06904134380508
20230313-14h37m18s,70.2735298876357
20230309-11h39m40s,87.98652490469712
20230313-03h35m55s,65.44907247322041
20230311-17h02m50s,60.974659677334245
20230310-00h30m17s,82.92918998177603
20230310-22h29m13s,58.468057084655044
20230311-13h21m30s,82.44980863246317
20230312-01h00m40s,59.827903477763044
20230313-20h41m03s,58.631508454728674
20230312-01h17m06s,67.72310682610905
20230313-03h29m00s,87.36704094000405
20230311-03h11m16s,68.83684665344131
20230312-07h09m30s,84.82801588039271
20230311-10h55m44s,82.99915418808959
20230310-23h41m08s,67.24749675583419
20230310-05h52m04s,60.48682757506137
20230310-19h40m15s,80.17459533125745
20230312-00h49m42s,79.91761780898665
20230311-11h36m08s,85.50516493721497
20230311-14h51m45s,81.83999577962251
20230313-04h15m06s,70.9072160747788
20230309-22h19m21s,68.75799861301257
20230311-11h23m13s,85.5257194470303
20230310-16h17m21s,81.11904758856312
20230310-08h26m52s,84.86318077823373
20230313-02h12m14s,61.01360960717241
20230310-07h03m23s,84.33209862498333
20230309-18h22m42s,72.46314787557955
20230309-16h40m39s,79.08427024125714
20230312-18h07m33s,80.18960873751539
20230311-18h55m39s,80.16627886917857
20230312-01h11m54s,82.78545556387277
20230310-17h22m53s,80.56954710302708
20230310-08h45m00s,84.29033025576379
20230313-17h08m18s,84.3396287509054
20230313-07h22m00s,83.0059873760184
20230310-04h38m33s,86.17497574861531
20230311-07h47m01s,80.24685525931491
20230310-21h18m27s,71.0372847071146
20230311-15h08m09s,80.74476947389095
20230313-13h21m08s,73.04871656971258
20230311-05h19m35s,81.88387459431763
20230311-05h25m00s,79.43318002727253
20230313-21h13m49s,80.28951857464378
20230313-08h40m55s,61.54079878673403
20230311-15h57m11s,80.58478835656408
20230309-19h51m56s,72.2455792984276
20230310-03h05m25s,81.01435155975562
20230311-15h19m20s,85.63605377307917
20230311-15h40m52s,81.80505694047824
20230309-23h41m14s,81.53152399548279
20230312-01h55m19s,59.955041765174684
20230311-03h17m26s,66.62420311272095
20230310-09h45m18s,83.3191275431686
20230312-23h35m48s,79.57312829291786
20230314-01h50m17s,74.63077314421386
20230311-02h20m31s,85.1187910333372
20230313-14h08m52s,59.732429402429005
20230313-16h00m58s,73.30546937328788
20230311-16h19m41s,59.29766341002622
20230313-03h23m16s,79.94445704868488
20230311-01h47m40s,60.04043324844562
20230312-02h45m08s,59.442169284987216
20230312-05h34m39s,86.35039724043341
20230313-20h30m22s,69.19609279144854
20230313-21h46m39s,78.21272505847926
20230313-07h43m38s,80.73118194159477
20230313-20h57m28s,81.31113420381226
20230310-22h12m50s,83.77550065114261
20230310-22h07m37s,84.67454702612613
20230310-06h19m23s,83.1099631606219
20230312-04h12m45s,86.5768319045396
20230313-19h38m47s,66.14360746708516
20230313-19h22m24s,81.29809869259654
20230313-17h19m26s,70.60116848561111
20230310-09h23m13s,81.49147925731037
20230309-20h56m38s,59.31213076180049
20230313-01h45m01s,81.63240205850886
20230310-21h29m05s,81.46867842300227
20230310-23h30m30s,85.42305037516743
20230313-13h04m47s,85.57557530932681
20230309-21h24m14s,83.56071938717113
20230312-21h17m52s,62.25792481362575
20230312-15h17m51s,60.04473288471556
20230312-15h50m35s,80.78070320813359
20230310-23h02m51s,69.01857162214768
20230309-19h07m34s,79.17159049932158
20230311-20h51m49s,80.67409289998474
20230313-06h05m30s,79.92149866160585
20230313-16h11m34s,78.81852150088778
20230312-15h34m12s,83.56364844800325
20230312-22h30m21s,78.83119771633184
20230312-21h56m47s,79.39689885006274
20230313-21h52m27s,69.55394661757211
20230309-17h54m28s,55.08881807507177
20230313-06h21m57s,60.30292868329107
20230310-06h08m27s,82.53596587187062
20230310-14h38m27s,59.87149329937003
20230312-06h20m23s,75.79102731228451
20230311-04h45m13s,75.05928953580323
20230310-10h45m05s,57.625592037811344
20230312-02h39m42s,59.448453940861924
20230312-14h55m16s,66.47853464661878
20230314-00h04m00s,82.84487686295952
20230312-11h02m22s,82.78454132836518
20230310-04h43m46s,81.3850064156725
20230312-21h46m11s,84.83668851674176
20230311-04h17m39s,60.889262964737185
20230312-13h41m27s,61.0560066633536
20230311-05h36m00s,80.88098612806462
20230312-15h45m12s,83.03208717899301
20230313-18h26m54s,81.0742790507916
20230310-06h03m02s,80.34614957850371
20230313-17h13m40s,80.19521862463054
20230311-08h47m52s,67.02408943857901
20230313-04h53m53s,82.33639411538977
20230310-11h28m50s,58.34339047043963
20230312-07h16m46s,79.33259000539309
20230310-18h24m00s,85.0581432479477
20230310-06h41m11s,57.091950120885116
20230313-23h29m15s,81.59075762937837
20230309-21h29m26s,80.0640075301271
20230312-03h23m35s,85.70818436687696
20230313-05h32m00s,58.666990514832634
20230311-08h26m15s,85.53691757057513
20230311-12h30m33s,84.30574163309498
20230313-22h58m04s,84.59825852009911
20230309-16h13m28s,71.14565810426924
20230310-14h22m03s,81.09476310970209
20230311-23h59m39s,80.50708434487908
20230310-15h59m20s,84.88584216348667
20230313-18h21m40s,72.52782913880421
20230310-01h48m33s,86.26374401355812
20230311-00h13m56s,59.61921762433806
20230310-18h56m51s,83.84369160818872
20230311-10h09m54s,83.30100837300947
20230309-23h19m36s,84.7800450105236
20230312-13h36m01s,61.827859490568216
20230309-22h24m45s,70.17318416578686
20230313-00h15m06s,84.32292858528248
20230312-08h49m42s,82.72910737755964
20230313-22h25m21s,84.71562555530235
20230312-18h29m44s,84.06577888204967
20230311-04h01m13s,82.66309964330028
20230309-15h46m01s,82.15523999090149
20230312-00h39m04s,84.67714667130767
20230311-15h52m00s,84.60803041010271
20230314-01h11m38s,80.55708996597386
20230311-12h48m47s,67.43702234737694
20230311-06h32m50s,88.36267419829935
20230309-22h57m29s,82.08362549219035
20230313-06h00m06s,80.64515995227762
20230312-06h30m56s,81.2425114049598
20230313-23h05m12s,57.7450358913114
20230313-11h01m39s,62.290799440049994
20230309-22h14m09s,83.72171259816591
20230310-09h55m56s,60.68580763971724
20230311-22h11m00s,79.21388916298801
20230313-18h32m19s,79.14759909255966
20230310-00h46m39s,69.76167161726929
20230314-00h26m00s,68.62983629729828
20230310-17h56m28s,83.52775750254537
20230311-12h54m31s,85.52164065467488
20230312-14h03m35s,86.1025803511155
20230313-10h43m24s,69.92626530095399
20230310-08h50m23s,81.10777573978945
20230311-19h12m01s,80.27602521179196
20230311-22h33m06s,85.66022982427378
20230309-22h08m23s,80.94441786630702
20230312-07h38m59s,85.21902484901719
20230313-20h00m57s,72.4129466614771
20230309-20h23m15s,84.14322226525636
20230312-11h46m18s,84.46614215819599
20230309-15h02m32s,84.40763336202596
20230312-13h02m38s,87.48977230140301
20230309-19h13m21s,73.22421154473713
20230312-14h32m58s,84.42483394652251
20230313-12h35m28s,72.21464873823683
20230310-16h55m33s,60.928424862188905
20230311-03h39m37s,84.54761821465857
20230309-17h02m35s,69.90267639787757
20230313-03h01m26s,59.55659810265158
20230313-19h28m09s,74.05108136697206
20230313-06h32m57s,81.47094475323158
20230312-10h12m20s,80.61538109312099
20230309-12h17m09s,85.40141135778978
20230310-19h13m12s,71.45224104438111
20230311-04h12m25s,71.97916409708554
20230309-20h29m22s,80.30040361542953
20230312-10h23m32s,83.9748003986833
20230313-19h11m46s,85.52662046525526
20230311-05h52m25s,59.599125401749205
20230312-05h18m20s,85.47584560504808
20230313-14h20m55s,85.53351081435525
20230313-01h50m44s,72.475154329334
20230313-12h42m39s,59.456056734383964
20230310-08h56m09s,75.01627806436531
20230310-07h36m59s,84.85644427501265
20230311-20h12m52s,61.4762639130378
20230310-09h06m48s,62.082221292651326
20230310-18h18m14s,80.71322141629261
20230313-11h34m21s,80.8446440513006
20230312-07h44m12s,82.4923345305082
20230310-17h11m57s,82.60963766429475
20230312-18h18m32s,61.908890300074205
20230311-06h57m03s,85.51281287712092
20230310-16h22m45s,81.21633036460034
20230312-21h06m57s,63.773841822529704
20230312-13h57m49s,78.37744149376388
20230309-18h00m08s,61.78140701821147
20230311-00h24m55s,81.41770590128883
20230310-19h18m27s,60.21272687359291
20230311-16h09m04s,85.87558479308782
20230309-20h51m25s,84.51158050782325
20230313-18h10m27s,63.20771884336395
20230311-23h43m22s,82.2674721741864
20230309-20h18m02s,85.04946214292224
20230311-19h51m18s,84.76862140324235
20230309-18h56m27s,71.91266876218558
20230311-22h50m13s,84.85727398863835
20230313-15h05m07s,60.08523836767469
20230311-03h00m17s,78.0730723683512
20230309-13h39m27s,82.11183444061496
20230309-16h07m52s,79.87414853925421
20230313-00h03m13s,80.52122949668697
20230312-13h52m25s,83.19150530205255
20230312-07h55m20s,85.9666409387282
20230309-12h39m52s,81.24117805807086
20230313-07h38m19s,83.81989930254124
20230312-13h30m49s,85.96282689006446
20230310-21h34m51s,86.31636628605239
20230309-18h50m39s,50.83450026691091
20230312-22h52m22s,72.42578546600598
20230310-23h24m43s,58.39396782773909
20230312-05h12m33s,58.83551607122527
20230313-20h06m09s,82.6453870967388
20230312-17h25m34s,79.99816510806315
20230312-12h51m37s,56.89497814559914
20230312-22h02m34s,70.04683988914272
20230312-00h27m52s,80.16432457688668
20230311-11h12m05s,83.57278243759029
20230310-10h12m16s,81.24188749646592
20230310-07h08m36s,80.26577649303252
20230312-11h13m30s,83.17277046512302
20230311-14h18m14s,82.64755505244497
20230312-14h10m46s,79.60939105782901
20230312-12h44m26s,71.88487925307501
20230311-10h31m38s,79.38275440977716
20230312-22h57m35s,61.50720965371252
20230312-15h00m41s,78.77603646493898
20230312-16h03m39s,58.94144868682659
20230311-16h43m39s,82.3055394429521
20230310-01h37m23s,69.59516694471515
20230310-18h07m39s,85.71176051889123
20230310-06h14m10s,69.9406684325755
20230312-23h08m47s,84.25278600953195
20230313-09h35m34s,58.16057974444638
20230309-23h24m49s,61.032739396034714
20230314-01h00m16s,72.62143364210007
20230311-20h07m39s,84.99611659312566
20230309-16h46m16s,68.95481441941749
20230309-23h13m50s,82.47299648900375
20230311-02h48m55s,84.5679028429453
20230310-12h26m38s,85.06036431420384
20230312-02h11m40s,81.47713314739926
20230313-01h09m25s,80.59449168161049
20230310-13h13m01s,83.9650554079511
20230310-01h03m03s,61.543304028133576
20230310-01h55m36s,59.426579289393516
20230310-19h46m02s,84.69578289129274
20230313-15h49m44s,59.85348024376637
20230310-17h17m41s,84.6135012474434
20230310-13h45m42s,86.1068521594776
20230313-14h26m10s,82.20546001122622
20230312-05h23m31s,84.29083789071436
20230311-06h03m38s,85.24441028292685
20230310-16h28m30s,84.62897019103124
20230312-20h08m26s,80.46398237560331
20230310-01h32m10s,84.61142662946472
20230311-16h49m48s,80.67642928149436
20230312-09h11m32s,60.399459851383966
20230312-08h11m45s,85.82353659130862
20230312-23h14m00s,80.98182093310172
20230313-21h24m48s,60.272567245904696
20230313-13h31m46s,59.34388764471245
20230311-07h36m26s,85.07040731280668
20230310-19h07m27s,80.870933088768
20230310-23h19m16s,62.62887707660579
20230310-12h44m41s,81.97879530889637
20230313-22h41m42s,71.63868423662174
20230310-14h44m12s,84.38650550683676
20230313-05h54m55s,84.19387484168303
20230310-04h49m55s,68.5562564693461
20230311-14h24m23s,79.9992796802886
20230309-14h16m48s,82.40181158725065
20230311-15h46m16s,69.77340338469438
20230314-01h17m26s,70.55487616481318
20230311-19h01m24s,84.44377130954942
20230309-22h30m30s,86.10301281787653
20230310-04h27m25s,82.29529391877944
20230310-18h12m52s,83.12047187953445
20230311-09h48m15s,84.07373395999079
20230311-22h44m27s,59.813140134371764
20230311-17h35m30s,80.1212071096206
20230309-14h22m15s,70.30827495613514
20230311-05h01m32s,82.98169254812532
20230310-06h35m46s,60.19929522502625
20230309-21h18m27s,79.38841770113933
20230311-02h31m41s,84.76967021755681
20230312-11h40m31s,61.28304841957626
20230313-08h35m43s,70.77913279273977
20230309-21h51m18s,57.42621399286847
20230310-22h46m25s,82.112033156421
20230310-09h28m58s,69.17062405486828
20230312-20h43m28s,85.52525548738785
20230309-16h02m25s,68.36328841148324
20230313-17h03m04s,69.39446721144301
20230313-10h56m27s,69.5335504574401
20230312-20h30m36s,86.21431662385507
20230312-20h50m33s,79.527193556617
20230312-16h09m28s,84.5093741497989
20230309-21h07m52s,85.33560776390252
20230310-17h28m18s,64.73508549445248
20230313-09h08m31s,85.25267719997865
20230311-00h36m06s,85.30063826977195
20230311-11h06m52s,84.41158322067074
20230311-17h51m50s,60.613530840288746
20230310-18h29m14s,61.04996531634819
20230313-19h00m33s,61.773147168946565
20230310-13h52m48s,60.08488825290837
20230310-19h29m40s,89.94356171225573
20230313-08h00m04s,59.869538593709564
20230309-17h43m10s,81.1598145084345
20230310-19h34m50s,68.04829716173074
20230311-11h52m32s,84.6897502299274
20230311-01h58m53s,82.9174163838833
20230313-12h29m42s,79.9008375478638
20230311-06h39m57s,59.19472032452214
20230311-16h55m35s,85.05092370106783
20230311-18h04m53s,79.93471584328373
20230312-21h12m41s,88.00494606834096
20230311-22h16m44s,83.44091089641299
20230310-10h23m14s,80.55201656274207
20230313-13h37m31s,74.94550047550044
20230313-10h19m12s,61.049842719984696
20230311-23h37m58s,82.70108047389667
20230309-16h51m33s,66.751773163521
20230312-14h27m11s,60.668974806539694
20230310-22h57m38s,85.45045777074901
20230311-03h28m25s,59.82059432048774
20230310-11h40m01s,86.91986487536727
20230313-09h02m44s,78.82219945444834
20230310-13h39m57s,79.1945016839829
20230310-06h24m47s,79.73947110726377
20230313-19h49m46s,59.345161687703495
20230311-20h24m54s,84.62730196657421
20230312-07h03m42s,80.50516250369938
20230313-11h12m54s,72.54593569361074
20230312-10h40m43s,85.49384811936986
20230312-08h55m05s,80.13643950719958
20230313-23h58m38s,84.26318158152984
20230311-21h49m10s,65.9721432511715
20230311-19h17m46s,84.41681430835067
20230310-12h15m22s,60.33982858288536
20230312-06h36m41s,69.36358931992785
20230313-04h48m41s,86.43132201730904
20230312-12h31m29s,85.86526134793914
20230313-01h38m53s,82.0699600614835
20230312-07h22m33s,84.28435886209249
20230311-09h04m17s,58.94119117496356
20230311-00h30m20s,80.07730307630376
20230312-16h36m22s,80.23785732293297
20230313-02h01m19s,78.94952764433972
20230311-05h57m49s,57.186001186020206
20230313-00h31m27s,72.579282723879
20230309-19h01m55s,82.82278093255624
20230313-17h37m47s,83.00503311396446
20230311-13h43m36s,72.10680360685498
20230310-10h50m53s,86.43158678778164
20230313-14h15m06s,58.979107196092826
20230310-11h23m38s,85.63880374865468
20230310-14h51m29s,83.31849628362247
20230309-16h35m12s,80.19832386959703
20230309-12h11m49s,82.60796484572401
20230313-13h44m47s,81.45495637386907
20230310-01h20m16s,83.90023668067826
20230310-21h05m29s,86.01280102593145
20230310-10h18m03s,86.90497851823565
20230313-06h54m43s,67.66993363685665
20230311-07h57m58s,84.52566374758212
20230313-23h24m01s,85.03779025490039
20230312-13h47m16s,89.23946344586548
20230314-01h55m27s,80.7617189072972
20230310-00h02m54s,80.53478438530325
20230312-21h40m24s,81.25567864952635
20230310-04h05m47s,83.85196060045175
20230312-10h01m21s,60.97734507306595
20230310-09h12m38s,85.84079783799527
20230312-01h49m53s,61.1848340995563
20230310-11h51m22s,83.00331965715688
20230309-14h29m42s,81.18685861948236
20230310-23h52m05s,80.30848289155611
20230310-16h12m08s,84.61099057501767
20230313-19h55m11s,56.231763747881445
20230313-21h08m25s,82.72404015123666
20230312-09h22m33s,83.51607932605086
20230312-00h05m31s,85.75597645298794
20230310-15h02m27s,82.67234600278383
20230312-12h57m27s,87.83425674196971
20230313-20h46m51s,84.37349912480866
20230309-23h36m01s,84.0847872885104
20230311-04h34m06s,80.03743437060913
20230312-18h00m33s,84.08124715492121
20230313-00h42m04s,58.62487411594256
20230311-08h42m39s,85.85401069290319
20230310-21h12m41s,82.96638708075508
20230313-20h35m37s,60.228477697257944
20230313-09h46m32s,83.25508144551608
20230310-00h19m17s,58.79616270883295
20230310-20h26m58s,78.62463826249476
20230312-17h09m08s,78.5362138787963
20230310-13h29m22s,85.59433640498938
20230309-11h34m20s,87.88315257851636
20230313-17h59m28s,79.9541122132986
20230313-22h52m19s,79.56064306951814
20230310-12h39m28s,84.46717261379715
20230311-09h26m08s,78.8097296627707
20230311-04h50m27s,83.67490697070181
20230312-16h30m59s,82.91991479229168
20230309-11h46m52s,87.72136809015538
20230312-10h34m56s,80.34434142922251
20230311-10h15m17s,83.21512872919826
20230309-12h22m17s,80.71063529844648
20230312-23h41m35s,85.65242259372539
20230311-14h01m54s,81.33437151006783
20230313-03h41m39s,85.20903078861889
20230314-00h14m53s,82.66498521042828
20230309-14h51m47s,70.68454699457422
20230312-10h45m56s,60.81997840870574
20230313-08h13m00s,81.62785367155985
20230310-14h11m26s,85.11020145483522
20230311-07h41m37s,82.56627956154423
20230310-05h57m49s,86.13797890813552
20230310-13h07m13s,59.63454662031782
20230311-09h37m05s,67.0404533648099
20230311-21h43m58s,84.11808144565126
20230311-16h25m28s,83.9947465273535
20230312-09h55m56s,65.85763165149703
20230313-20h24m36s,81.0370268527623
20230309-12h50m29s,85.10970136213078
20230310-18h51m06s,79.74774333349117
20230311-10h21m01s,70.09073129690134
20230311-23h08m27s,83.12701003091232
20230312-07h27m46s,58.79910253591643
20230313-11h56m08s,59.691270679709675
20230309-15h18m42s,80.4692466305622
20230313-02h34m01s,80.18484414975754
20230313-09h24m56s,85.02486382180436
20230313-10h37m40s,83.95433521260074
20230309-23h03m13s,83.44980092764891
20230312-02h56m09s,83.84807327084977
20230310-18h45m42s,81.6292810632348
20230313-20h17m19s,69.55243710670001
20230313-05h42m58s,83.10659020130137
20230312-21h29m49s,84.69202455806348
20230310-00h35m41s,79.8211882198876
20230310-11h45m12s,83.40075539425075
20230310-00h25m05s,71.50981089139086
20230312-16h52m45s,59.79232126453317
20230312-09h39m36s,83.75149014387748
20230313-22h03m05s,79.38450108041778
20230313-01h14m50s,80.8198093342314
20230311-14h30m07s,71.94209720580861
20230313-14h48m40s,79.87304819394475
20230312-23h30m23s,83.20702836110675
20230311-17h30m09s,83.27425557416333
20230310-07h14m01s,78.74093119444294
20230311-22h05m35s,80.4299902315631
20230310-13h23m38s,81.18724267332502
20230313-01h04m12s,87.36739784413217
20230312-20h56m20s,83.87119296213208
20230312-22h41m18s,81.63867663270761
20230312-02h22m37s,83.26377951885482
20230310-02h54m30s,80.83497300966687
20230311-18h44m18s,84.72786045334661
20230313-06h38m21s,80.31794323680836
20230311-00h03m16s,84.75614259979224
20230311-08h20m28s,59.54233744021846
20230312-08h28m09s,85.22189567385342
20230313-22h08m53s,71.48036488839509
20230312-04h39m48s,79.28681175314486
20230313-16h27m56s,80.91660426934058
20230311-11h41m21s,81.76355671140814
20230310-15h48m13s,84.64005726543346
20230309-18h39m33s,69.83499808463532
20230313-15h16m06s,80.08257749116692
20230312-01h44m41s,85.11194742079803
20230310-17h51m14s,84.11080387539366
20230313-18h15m53s,57.51055635060018
20230310-11h12m28s,81.98315166587716
20230310-23h08m17s,78.6862612431099
20230311-15h29m58s,59.79960794355398
20230310-12h56m34s,84.28210663353909
20230313-11h23m27s,80.91684827827342
20230313-02h07m02s,85.0015250897678
20230311-20h19m04s,60.450355007239324
20230313-02h39m49s,84.10304039451555
20230311-08h09m04s,84.95985373277867
20230312-11h29m54s,84.89199263562406
20230310-15h13m36s,70.17818759042447
20230309-22h52m05s,81.30085309637596
20230312-04h06m58s,79.47562924371627
20230312-23h58m01s,86.80561065622302
20230312-17h31m21s,85.69732331521644
20230311-16h38m27s,83.5582658971783
20230310-02h27m24s,83.7444256205172
20230310-10h34m26s,85.85464976273656
20230312-11h18m43s,80.6071715106552
20230311-01h36m43s,81.45880706136947
20230310-17h01m23s,85.42085461891546
20230310-11h07m15s,85.33541318946644
20230311-19h06m37s,79.87511906899468
20230313-16h50m06s,72.81329413081053
20230312-19h38m56s,80.46448716412911
20230313-05h10m13s,82.519480240798
20230313-01h20m35s,85.34015754219146
20230313-22h19m34s,60.5426554273167
20230310-14h33m01s,58.83515787732111
20230309-17h18m56s,68.38649469347908
20230313-12h07m06s,83.6433486722033
20230309-23h46m36s,82.10966207499004
20230309-16h18m47s,50.82328007712104
20230310-20h02m30s,84.9740126698442
20230311-05h08m39s,56.0112421473722
20230310-08h04m43s,69.21150136871992
20230311-07h07m59s,79.40668575995235
20230310-16h50m08s,62.909794062867746
20230311-13h10m54s,85.12229913193048
20230309-20h40m19s,82.02024209218152
20230311-12h08m54s,85.1962275810391
20230310-04h55m40s,86.08995960812862
20230309-19h59m08s,79.38280902558651
20230312-04h23m24s,56.27416191477542
20230310-22h51m50s,79.46613798028326
20230311-08h36m53s,79.38924639146157
20230312-05h52m53s,59.0769370536901
20230311-01h20m23s,81.07989396159164
20230313-07h00m27s,87.21064608686865
20230313-00h58m26s,80.20773047265996
20230313-07h11m02s,59.88381435062186
20230310-15h37m17s,80.91361964388452
20230310-03h54m35s,81.10070030488245
20230311-09h20m45s,82.58406039111642
20230312-02h06m15s,82.102535816592
20230311-04h55m48s,79.79789891922528
20230311-04h06m37s,80.0223613371459
20230313-19h16m59s,81.15461605108206
20230314-01h05m29s,67.01519513314989
20230309-21h40m40s,83.64346571844507
20230310-17h39m17s,60.475512971784354
20230314-00h43m09s,71.35369623643905
20230313-04h42m53s,60.97290935960055
20230314-00h20m15s,78.94770001825137
20230310-07h53m23s,83.67350595297532
20230311-23h19m36s,74.33634070502362
20230309-17h13m19s,80.7895746470468
20230310-18h34m41s,59.9445569216725
20230312-11h57m43s,82.05353899642384
20230311-11h01m09s,82.80862952200411
20230310-02h08m37s,84.44455153154175
20230313-08h05m53s,74.58850970508988
20230313-02h28m38s,81.59689465787048
20230312-06h04m06s,88.12426780389401
20230312-04h45m32s,84.8794094412984
20230311-02h25m55s,79.83065005203693
20230312-14h21m45s,60.09380346973367
20230310-07h42m12s,82.32492738725071
20230313-19h44m33s,84.6489845450777
20230312-06h53m07s,86.99703470394661
20230313-09h57m40s,83.68010876068453
20230309-13h16m41s,85.74777474334721
20230310-11h01m31s,79.68695129501916
20230310-21h40m00s,57.41069968212864
20230312-22h13m12s,59.87543819522293
20230313-06h27m46s,86.07263576658889
20230311-21h32m46s,80.53762277248572
20230313-11h18m05s,82.20427464163615
20230311-08h03m19s,80.09104936829081
20230313-08h46m21s,60.47096431371281
20230312-21h35m01s,83.94845745229301
20230310-22h23m59s,70.60660944441017
20230310-14h16m38s,80.60997872957026
20230310-12h20m48s,60.45439086027713
20230311-02h04m07s,81.2827780977
20230311-03h06m02s,84.58336900444098
20230312-03h50m35s,81.6361413062705
20230313-07h54m37s,60.54406351735295
20230312-03h34m12s,56.44273994727584
20230314-01h28m06s,59.400574041608394
20230313-17h54m06s,84.78799066171459
20230311-21h27m34s,84.18843573269348
20230311-22h27m22s,65.81277150003703
20230309-16h24m15s,80.49407057259165
20230309-20h04m55s,83.88858152037014
20230310-14h57m12s,85.03916320306323
20230309-23h57m32s,81.6393505884761
20230313-06h44m06s,82.54345290678165
20230312-11h07m46s,79.6336998296961
20230312-04h01m34s,69.38716406033777
20230310-05h12m02s,85.4241821199798
20230310-09h34m10s,81.91877489933924
20230312-15h23m37s,84.65363555941931
20230312-09h28m41s,82.58829263835472
20230313-02h17m40s,58.978522937687984
20230313-04h09m23s,84.67236749889165
20230312-19h28m20s,84.00052521664472
20230312-17h47m47s,85.54639294415657
20230311-22h21m56s,80.75825662175473
20230311-15h35m40s,86.09611337870692
20230312-06h47m20s,59.64596479603645
20230309-11h59m24s,81.74969598149212
20230311-06h14m13s,66.21754079637597
20230313-21h57m40s,83.31597779288117
20230312-23h46m49s,59.66593683454184
20230311-13h56m41s,85.23052744531631
20230312-18h23m57s,56.17435574941035
20230313-23h47m37s,58.36239210135264
20230312-07h49m36s,79.46616960052191
20230313-14h03m38s,72.0855878441586
20230310-12h50m49s,80.39260599656998
20230311-21h21m48s,81.78477405178117
20230311-10h44m42s,61.12043396049401
20230312-15h39m57s,83.18210448806994
20230310-05h30m15s,82.65109344389984
20230313-08h23m54s,82.48327103959659
20230309-14h35m19s,67.922618330848
20230311-19h22m57s,61.57564587537857
20230312-09h44m58s,79.06670354629156
20230312-03h45m11s,83.16953671944262
20230311-08h59m04s,84.25285876969966
20230310-05h19m19s,84.66693749195312
20230312-18h53m15s,81.2520288011373
20230309-18h28m10s,67.70616887212176
20230312-02h50m56s,84.60690478530123
20230310-18h01m52s,81.03217133541469
20230313-17h26m44s,60.652962797560605
20230311-12h35m56s,66.98736062309789
20230309-21h13m04s,84.21232868941863
20230309-15h13m16s,83.5352363065463
20230314-02h00m53s,68.35506735764417
20230311-16h14m16s,65.77227791578557
20230311-09h58m54s,55.54345538756505
20230309-13h51m50s,83.01374137704667
20230309-19h46m10s,80.5023646230052
20230313-16h33m42s,84.6369069050294
20230313-20h52m06s,82.91078712198177
20230311-03h44m50s,81.60814226822677
20230312-10h51m22s,60.77675151618112
20230312-20h37m41s,60.25381992531598
20230311-21h54m36s,57.98211473990196
20230309-18h17m05s,82.81593366090041
20230311-13h05m08s,58.39464674646288
20230312-06h58m17s,69.77780895271471
20230311-01h09m46s,84.5426243703923
20230313-14h42m32s,82.94687610088383
20230312-02h17m25s,83.53594232134012
20230313-08h18m43s,70.36758359517543
20230313-19h33m21s,81.45886607471809
20230314-02h17m18s,56.011595609165994
20230311-08h31m28s,81.74818861062946
20230310-20h15m34s,86.92867566151946
20230311-21h10m25s,83.96043338594208
20230309-13h11m23s,82.55115742647385
20230310-02h01m22s,86.36995735351931
20230311-09h31m53s,83.57991696868109
20230312-10h57m09s,85.4918133942763
20230309-17h48m57s,68.95153833320714
20230309-15h57m06s,70.47702830713692
20230310-08h34m03s,83.13016614336928
20230312-00h16m53s,58.77076914529377
20230313-04h26m29s,80.71257635964727
20230313-12h24m18s,69.92431413680592
20230311-03h33m50s,58.85390565214513
20230309-21h34m53s,79.69031306966244
20230310-13h18m14s,82.90224895385731
20230312-09h34m24s,83.2166534370293
20230312-18h34m56s,83.1375850536239
20230312-17h54m47s,78.75866908527266
20230312-19h55m18s,59.76370530961444
20230313-21h41m15s,83.88447896801594
20230314-01h44m31s,66.61352044619164
20230311-01h53m06s,60.048305506071216
20230313-15h28m05s,84.23043515131369
20230313-05h37m46s,84.9258121234246
20230311-19h45m32s,81.37568075118784
20230313-13h57m51s,81.59519547102846
20230310-12h33m46s,82.19848162867729
20230311-06h50m55s,82.14676611893478
20230309-15h07m59s,87.55657802110863
20230312-09h06m05s,59.68832768833258
20230309-23h08m26s,82.53286328537732
20230313-16h06m11s,81.75209380694852
20230309-21h45m52s,59.55339389974384
20230313-10h13m59s,72.22548216781226
20230312-04h34m24s,80.41219217423517
20230311-13h37m50s,79.92328101109237
20230311-22h57m30s,81.9530285117444
20230310-21h45m26s,58.647829810079514
20230310-06h57m36s,81.7325378539256
20230312-17h42m00s,60.99576637988994
20230311-02h43m07s,60.582245735871794
20230310-02h14m23s,86.02214264108855
20230311-03h50m14s,83.08426545203915
20230310-05h25m02s,84.09445366753445
20230310-03h38m11s,82.27579407907675
20230310-03h49m23s,85.96091888879991
20230310-20h49m05s,85.1462033933606
20230311-02h54m09s,82.67119296699977
20230310-03h10m50s,80.26656186158593
20230311-18h38m30s,59.18937917363465
20230312-18h59m02s,84.41028237510491
20230312-05h07m09s,62.824988751850555
20230313-19h05m58s,58.62230969964904
20230312-17h20m07s,79.8925250778544
20230309-17h37m28s,81.50686695025504
20230309-15h51m29s,79.51666870377053
20230310-15h43m00s,83.39177001725116
20230310-14h27m49s,85.59724125452047
20230311-06h08m50s,82.7101333912461
20230312-08h16m57s,59.78146241236951
20230312-13h14m29s,85.88405667571553
20230310-17h45m27s,60.40255517645838
20230309-22h46m53s,86.51127427509354
20230313-15h22m18s,78.79396652718756
20230313-01h55m57s,82.73263808275672
20230311-18h10m41s,85.97930182062194
20230309-15h35m04s,66.68056283852647
20230311-10h04m41s,87.66874447454344
20230312-16h42m06s,84.68896021943371
20230311-10h37m25s,72.02032194115984
20230310-22h35m25s,55.23684100001972
20230313-14h31m33s,79.80082122269343
20230310-15h07m51s,81.5737081008377
20230310-10h39m40s,58.659008124897326
20230311-21h04m39s,60.01477699277544
20230309-12h04m47s,87.42005445306191
20230310-11h34m14s,59.05313641904635
20230313-22h46m54s,68.95380283837503
20230313-04h03m59s,81.32117061656871
20230313-02h56m13s,83.79427405116431
20230313-07h16m49s,84.55693455445768
20230312-09h00m52s,72.12972844113776
20230313-00h36m40s,61.9225814806841
20230312-19h22m38s,82.83369888427941
20230313-21h36m01s,72.90961730947217
20230311-17h13m52s,86.82683855377658
20230310-17h34m04s,83.39566368265312
20230309-13h01m03s,84.11623517464696
20230309-17h07m53s,53.052888859287435
20230313-23h18m15s,80.8100394980427
20230310-15h20m53s,58.943425622520266
20230310-07h24m59s,60.544211043274146
20230309-16h57m00s,79.77684432486447
20230313-04h59m17s,80.24893895976757
20230310-10h28m40s,80.12667726159722
20230313-08h52m08s,84.60360850101657
20230311-04h23m06s,58.680682881907586
20230310-00h57m50s,84.35533437697487
20230312-02h28m47s,79.92508446809623
20230313-23h10m57s,74.91823698433237
20230311-02h15m19s,85.20556395545768
20230312-01h28m17s,84.16180234553846
20230311-22h38m18s,59.62687796396628
20230310-15h53m36s,80.29688849151907
20230313-20h11m34s,81.22811991688795
20230312-13h08m46s,83.27869479070418
20230310-09h01m22s,61.410566737307164
20230311-12h25m20s,85.70246992247226
20230311-13h16m07s,83.32899226359663
20230310-12h04m23s,79.84472639476277
20230323-13h48m43s,59.35946826117632
20230323-12h56m36s,53.93835930385714
20230323-13h29m46s,61.57641017634248
20230323-13h14m34s,59.93249112019973
20230323-12h37m30s,54.367421733608836
20230323-13h06m53s,51.89450221291483
20230323-13h01m45s,53.16339266899084
20230323-12h44m34s,54.420820097491884
20230323-13h53m46s,61.014326774915816
20230323-13h19m38s,59.46950777769334
20230323-18h44m56s,70.74793510810056
20230323-23h31m12s,79.91550341724368
20230323-21h02m07s,69.89622538176346
20230323-22h42m22s,59.58300141068602
20230323-20h40m06s,53.35499423641059
20230323-20h14m35s,67.37283339048932
20230323-13h39m51s,68.02258270197669
20230323-13h24m42s,60.75822288781464
20230323-20h02m28s,69.42550753962402
20230323-21h22m25s,53.27308484033719
20230323-21h27m42s,53.77753996363859
20230323-19h31m03s,68.8401752385466
20230323-21h12m21s,52.43363370166227
20230323-22h59m14s,69.42069569534303
20230323-12h49m43s,54.64365925602729
20230323-20h56m13s,50.99262831481937
20230323-23h09m17s,59.75084891024605
20230323-19h51m18s,52.16180621293651
20230323-13h34m49s,67.34255343246318
20230323-22h47m16s,68.54709454487485
20230323-19h25m54s,54.71778112298645
20230323-23h19m14s,79.34776733049014
20230323-21h07m04s,51.62753485576431
20230324-11h09m15s,65.9792545545354
20230323-19h56m34s,55.305024814773304
20230323-19h20m37s,51.943708897650055
20230323-23h04m08s,80.166376095924
20230323-20h50m56s,50.62976123557374
20230323-18h39m47s,50.10235769392162
20230323-22h22m07s,79.31395688821723
20230323-19h15m40s,68.61877652030464
20230323-20h34m49s,50.88147501740613
20230324-10h29m49s,83.13977998542615
20230323-19h00m19s,68.82087842816301
20230323-22h27m17s,61.46011203575793
20230323-19h46m22s,69.3649223448206
20230323-22h17m14s,84.78418911642913
20230323-22h32m19s,85.74311038106626
20230323-19h35m58s,50.28539486232998
20230323-18h55m11s,53.64588825702893
20230324-11h14m41s,60.03209709442805
20230324-11h48m22s,82.27638007604358
20230323-21h33m35s,70.23321608052592
20230323-22h37m13s,81.57192174692491
20230323-22h52m11s,80.87529062929045
20230323-19h41m13s,50.77238074773314
20230323-20h19m31s,54.53068992540793
20230324-12h40m09s,83.82238381668296
20230323-20h45m59s,67.59077505096386
20230323-20h29m53s,68.60362636841134
20230323-19h10m31s,53.07847290742521
20230323-20h24m47s,46.252418947046664
20230323-23h26m17s,85.6906193667264
20230324-10h35m13s,79.50486171315933
20230327-18h04m12s,59.583225722296646
20230323-21h38m30s,50.49491118545333
20230323-19h05m14s,50.591993083589074
20230324-10h54m31s,67.90107160746541
20230323-18h49m53s,48.76336858499738
20230323-21h17m29s,70.1835262039501
20230323-20h07m25s,52.10233654883959
20230323-23h14m19s,68.96450985708324
20230324-10h59m56s,74.78249375016262
20230324-10h40m39s,59.34131769570919
20230324-11h53m45s,59.90754675475037
20230324-12h12m36s,59.64265416742754
20230327-16h46m04s,83.55375549544428
20230324-11h31m51s,83.17488879777326
20230324-12h01m16s,81.59411934166488
20230324-11h40m00s,59.17637662122266
20230327-17h58m23s,63.64219038003145
20230327-12h25m40s,81.15302424430249
20230327-15h08m48s,61.02089422770692
20230324-12h18m55s,80.3232281429234
20230324-12h45m32s,59.9612726640635
20230327-19h17m51s,60.27091475188732
20230324-12h24m21s,82.75609531650926
20230327-12h01m53s,61.52421597303774
20230327-18h20m34s,63.89181262586172
20230327-16h18m07s,84.64831098831664
20230327-18h26m22s,61.42821451721849
20230327-19h54m58s,48.59162228884665
20230327-12h33m09s,82.73159180208009
20230327-12h07m22s,84.01754483085469
20230327-20h16m45s,45.392488829589496
20230327-15h01m11s,60.99603681821307
20230327-18h15m31s,60.6892991391442
20230327-12h20m16s,81.71483992932494
20230327-12h14m49s,59.59342294093912
20230327-17h25m11s,81.84967793170156
20230327-16h40m41s,81.95168522646358
20230327-17h14m24s,83.01107723502864
20230327-17h48m42s,60.034629961299316
20230327-19h48m07s,46.88299795432724
20230327-12h38m34s,82.97640575249474
20230327-16h51m26s,83.70022541754875
20230327-17h41m22s,67.30417492612142
20230327-19h41m06s,51.357040144627916
20230327-15h13m51s,68.69887171469847
20230327-16h25m34s,61.50329125403729
20230327-17h19m44s,59.66909268727622
20230327-19h05m06s,67.83812922306126
20230327-20h00m06s,49.27563181800949
20230327-12h43m56s,60.96899493751815
20230327-17h35m56s,60.93779553033292
20230327-18h58m10s,60.20738737167724
20230327-19h12m04s,60.340246511461345
20230327-20h11m37s,44.20925935538102
20230327-20h06m30s,46.95986186874674
20230329-18h06m25s,53.33772612394725
20230330-14h07m42s,79.63411702746438
20230328-19h09m52s,45.24947582431716
20230330-07h57m20s,69.00381342528667
20230330-03h26m10s,48.70545738587859
20230329-17h07m01s,68.69765516118193
20230329-20h07m46s,79.71415607085416
20230328-17h58m39s,69.53749734436278
20230329-17h41m08s,47.93511917783613
20230330-04h34m15s,53.18466654426342
20230330-11h41m42s,68.60460191731929
20230329-02h54m02s,53.57807384277325
20230330-05h52m47s,78.46671089264103
20230330-06h28m42s,66.6299996963381
20230329-18h11m34s,55.712790285954355
20230330-08h17m20s,49.880737063875785
20230330-02h55m42s,79.70859878751011
20230330-07h14m36s,68.69963889045047
20230329-19h52m25s,51.17000362688182
20230328-19h35m17s,54.540931876973985
20230329-17h01m36s,49.204076628669355
20230330-07h36m36s,51.74767459791505
20230329-20h39m10s,48.59713489876239
20230330-03h31m36s,70.18844574921931
20230329-21h31m24s,69.79812219066199
20230330-02h43m27s,49.89483911448579
20230329-23h00m51s,69.99573679377576
20230330-04h14m12s,69.40893415368689
20230329-17h46m25s,67.10217545844645
20230328-18h18m53s,51.9811754899151
20230330-14h28m08s,68.5266068269701
20230330-12h22m56s,49.7597998974023
20230330-08h37m50s,51.21880242575244
20230330-02h22m59s,49.40458967212916
20230329-00h55m15s,84.15492082145497
20230329-20h54m36s,79.33672241377369
20230330-06h59m08s,71.62891955289987
20230330-00h33m25s,70.48144276664581
20230329-20h02m44s,60.409789975185305
20230330-07h26m34s,83.78174046436229
20230329-23h36m11s,55.36016125212936
20230330-12h38m17s,81.10349131495488
20230329-23h31m16s,69.15568323533577
20230329-20h28m19s,68.60111377990026
20230329-03h14m32s,69.75334492495469
20230329-16h22m50s,71.23242364904112
20230330-11h46m38s,61.95304372687471
20230329-18h32m20s,68.81294985974316
20230328-18h54m34s,54.79314409000014
20230330-01h03m53s,67.49863890657892
20230330-02h33m23s,69.67910063732435
20230329-19h42m20s,70.4669073058686
20230329-01h06m05s,51.851253782462976
20230328-17h53m29s,79.53554144617644
20230330-13h56m57s,67.03094309472917
20230328-19h55m45s,51.11792785218128
20230330-02h38m18s,56.25899939897519
20230330-01h14m43s,50.70632053281102
20230329-19h27m02s,70.00322441448319
20230330-07h41m53s,69.83117678267965
20230330-01h30m07s,79.3938672111606
20230330-05h47m44s,59.410593148500396
20230329-03h45m19s,71.19781677285553
20230329-22h24m09s,81.93033517015309
20230329-01h26m51s,68.33115766115972
20230328-19h45m42s,73.0305521414924
20230330-06h38m41s,81.80064306889287
20230329-20h23m00s,50.81412859911231
20230329-15h15m41s,85.19516733001385
20230329-15h50m08s,79.24418032183283
20230329-17h51m22s,65.53785492532731
20230330-11h56m46s,72.68122364093094
20230329-20h12m56s,83.91716211378005
20230330-07h31m28s,55.20013764945426
20230329-00h44m17s,61.07867317330627
20230329-02h38m40s,57.72044205090137
20230329-03h29m50s,68.20891990597212
20230329-21h48m15s,50.83880250642969
20230328-18h24m00s,50.52128375707284
20230329-17h29m04s,51.84798281010134
20230330-07h51m57s,48.340982606926076
20230330-04h44m41s,66.7261074313021
20230329-23h20m53s,53.695994652173425
20230329-17h56m26s,80.13358449277146
20230329-02h07m23s,52.272194994803186
20230330-10h40m29s,70.88668197882143
20230329-02h48m53s,52.234023821023385
20230330-13h21m00s,78.37011191051627
20230329-21h53m23s,51.40772987425984
20230330-05h06m53s,80.45231799960229
20230330-06h07m56s,59.21394547620989
20230329-03h39m54s,50.84367703532243
20230329-03h34m45s,54.40092845877737
20230329-22h29m16s,69.65255505767001
20230330-01h45m19s,56.162003428525765
20230330-12h43m22s,84.3697737300532
20230330-09h27m23s,68.41217436359611
20230330-05h22m07s,52.19869023315434
20230330-14h22m55s,52.68875654495716
20230330-05h32m16s,47.65807797221319
20230329-22h55m26s,49.89602523419754
20230330-04h51m31s,51.15331505369491
20230330-00h28m00s,47.90881078240423
20230328-19h04m45s,49.110364505412434
20230328-18h08m40s,54.202249346045306
20230330-04h03m39s,45.79662682829135
20230329-00h50m07s,80.25919817880973
20230329-22h34m10s,50.14792852301238
20230329-20h17m51s,48.31163393989877
20230329-16h33m34s,82.80506803135924
20230330-11h00m49s,68.40637298219272
20230329-17h34m18s,68.18883578485756
20230329-16h38m43s,84.06905229586343
20230330-02h28m06s,55.96924116325587
20230330-02h18m04s,84.0671080269178
20230330-01h35m17s,83.37690986348795
20230330-10h18m18s,64.58434188506911
20230330-09h32m18s,68.19769573208285
20230328-18h03m32s,54.74294685659501
20230330-13h31m03s,49.12055972011231
20230330-01h25m05s,58.16229322597306
20230330-00h53m28s,44.38038380100565
20230328-18h39m24s,79.21993772759052
20230330-11h51m39s,79.508808461244
20230330-15h14m00s,68.27147437109053
20230330-11h15m52s,50.58166675139378
20230330-09h00m04s,49.7642690741628
20230329-23h26m02s,53.67153339669014
20230330-03h05m43s,55.85166301409501
20230330-10h35m16s,50.603132742767315
20230329-22h19m06s,60.72811402690448
20230330-09h52m32s,53.04232797036477
20230329-19h47m16s,53.22874613660812
20230330-01h20m09s,70.88120213325575
20230330-00h43m23s,79.57882760506916
20230330-12h17m47s,49.07503042097133
20230330-07h04m04s,54.63220758881718
20230330-15h03m39s,50.530674008278964
20230330-09h11m12s,69.27193075643478
20230329-02h32m46s,54.49890766229058
20230329-20h44m35s,66.08106880006082
20230329-23h41m19s,52.20691233546515
20230329-18h56m19s,69.27778002752788
20230328-18h49m27s,52.92311493600985
20230329-21h25m58s,50.78741240017436
20230330-09h37m20s,79.07706926046544
20230330-06h02m48s,53.976929718351215
20230330-12h12m51s,69.21063386769842
20230330-13h46m23s,54.25556585401793
20230330-13h41m27s,69.52328601759248
20230330-08h32m41s,54.15408789010857
20230329-16h02m04s,51.57615807791271
20230329-19h06m24s,45.7046285426903
20230328-19h25m14s,80.9789188000967
20230329-19h31m56s,54.29421784626854
20230329-01h21m28s,47.96902555223764
20230329-02h12m44s,66.50546060331644
20230330-01h50m36s,70.58447696501614
20230329-03h24m33s,52.012109053528974
20230330-06h18m11s,47.7340932502581
20230329-15h37m53s,51.96014861494834
20230329-18h16m51s,70.54453739249831
20230330-03h21m01s,53.50312007886092
20230330-12h58m40s,69.66204668296947
20230328-18h29m26s,68.19988042361078
20230330-15h18m56s,47.840818846232395
20230330-05h12m04s,73.32953922773558
20230330-06h23m20s,50.03084738656864
20230330-00h38m20s,59.96024476656723
20230329-22h45m21s,68.83250716001086
20230330-05h57m54s,84.6291821025919
20230330-13h51m32s,49.050610166213545
20230330-12h01m41s,55.75493165584007
20230329-17h23m55s,52.12168752827111
20230329-17h13m50s,80.93030696151422
20230328-18h59m51s,66.77592980201015
20230329-22h40m06s,49.85588192381405
20230330-07h46m49s,50.962604076630186
20230329-23h46m44s,70.61526882518868
20230329-22h03m35s,49.56773767636193
20230330-00h58m36s,55.0405518330368
20230330-08h50m04s,78.74551648048757
20230329-01h52m04s,52.15863995735211
20230329-20h59m47s,84.69864478410554
20230329-16h54m45s,68.32292478161256
20230330-10h45m24s,50.887700020833535
20230330-04h39m24s,49.65693395331462
20230329-16h12m16s,53.986136122017314
20230329-01h41m59s,71.23097110332864
20230330-05h16m58s,49.20898217228378
20230329-02h43m57s,67.67089581057374
20230330-07h09m12s,42.27303276476303
20230329-21h58m38s,72.48231969842513
20230330-15h24m05s,50.91770398583574
20230330-13h03m36s,47.56936274016559
20230330-06h48m45s,43.51248998335515
20230330-02h48m52s,69.91873532893831
20230330-14h48m30s,66.76465077827979
20230330-03h16m05s,68.66254046130982
20230330-03h43m24s,82.54368611141294
20230330-09h42m30s,84.65756941211933
20230329-18h39m09s,79.92606454582872
20230330-09h16m08s,55.02532384940346
20230330-02h12m56s,81.02859873493466
20230330-05h42m47s,66.24299467390009
20230329-19h16m47s,66.61820349263004
20230330-08h43m15s,66.82533721753165
20230329-03h09m23s,80.45140229011665
20230330-00h07m30s,50.35923669752387
20230329-16h49m30s,52.90352568492332
20230330-09h47m24s,53.61071537621254
20230330-10h23m20s,79.60812129117076
20230330-00h02m35s,84.5743492567428
20230329-15h31m03s,66.63941340719938
20230329-23h05m45s,61.075033247360096
20230330-11h05m51s,81.0095190324927
20230330-12h48m16s,46.66199665381916
20230330-14h01m54s,67.60366642089795
20230328-17h48m26s,60.57401217666151
20230329-18h44m16s,85.69831929230415
20230328-19h50m37s,50.88729302651731
20230330-11h36m20s,48.24026370986448
20230330-13h14m09s,69.56261121609916
20230329-16h07m20s,66.9838797300138
20230329-22h14m09s,69.72240692812429
20230330-15h08m46s,53.56851373310562
20230330-03h38m15s,79.15769426400797
20230330-14h38m12s,47.46860284952871
20230330-08h22m28s,54.16995967666267
20230330-10h55m53s,68.54233038222443
20230330-14h17m46s,54.814818123425454
20230330-10h50m32s,43.17051322504685
20230328-19h40m25s,48.56905826375058
20230330-11h10m59s,83.95873044756914
20230330-06h13m15s,69.94667929722024
20230329-23h15m57s,83.28428851079079
20230330-10h02m47s,51.75304885920261
20230328-18h34m21s,61.83241110391154
20230329-15h05m26s,61.955515937154104
20230330-13h26m09s,84.50502958413492
20230330-01h55m31s,50.98049167540117
20230329-19h57m48s,70.30186913561991
20230330-09h22m01s,50.96086164146661
20230329-21h10m34s,52.70522218896738
20230329-18h01m29s,84.10788809772194
20230330-14h33m05s,51.26285511227982
20230330-02h06m04s,70.20502991412636
20230329-22h50m19s,51.05123485138208
20230330-08h55m10s,84.98962902115014
20230330-11h26m17s,68.4693471394016
20230330-11h21m00s,52.78645693418994
20230329-21h04m41s,53.04331134192566
20230330-09h57m51s,68.95728950233169
20230330-04h56m56s,69.65366388516512
20230329-15h10m30s,79.81190421844954
20230329-19h37m06s,51.265897662243646
20230329-01h46m54s,52.50427266928253
20230330-02h00m41s,48.85467145759711
20230330-03h58m44s,70.48997693060264
20230329-15h55m15s,84.2140994999206
20230329-16h27m46s,61.007858040977425
20230329-16h43m38s,47.89527272781382
20230330-15h29m27s,70.18446617958156
20230329-15h43m18s,71.0131956046329
20230329-18h51m05s,53.42082095350375
20230329-02h02m14s,49.41350066142431
20230329-19h21m52s,79.0580093940454
20230328-18h44m34s,84.98552383093957
20230329-16h17m25s,51.07649836056967
20230329-23h51m40s,60.506204145645796
20230329-02h59m24s,67.82240076780303
20230330-08h12m26s,85.25055410445268
20230330-14h53m34s,80.33655144271873
20230330-12h53m24s,51.5032121898374
20230330-12h33m15s,61.86152229294075
20230330-00h12m37s,53.41524827517671
20230330-09h05m57s,50.9381484825341
20230330-05h01m51s,64.55558919047584
20230330-13h36m12s,49.917916983844776
20230329-02h22m43s,78.81690537844494
20230330-04h29m22s,84.4324535805973
20230329-20h33m17s,55.7577791939884
20230330-11h31m11s,52.65979271490821
20230330-08h02m16s,60.124152132484
20230330-00h17m55s,70.37704544128721
20230329-03h04m21s,68.54135593580216
20230330-12h07m34s,55.350673585204305
20230329-02h27m52s,84.57796386336204
20230330-04h24m12s,79.47741923830088
20230329-02h17m41s,66.2676791599566
20230328-19h15m17s,69.55428906527285
20230329-23h57m28s,80.94691723003737
20230330-14h12m52s,72.43779934126982
20230330-14h43m34s,68.67396917023117
20230330-03h00m48s,74.66574878508536
20230329-21h15m52s,69.8156351419045
20230329-23h10m48s,80.15864269696809
20230330-06h33m38s,66.60213233783716
20230330-10h28m27s,83.93177132065497
20230329-01h11m23s,70.66745177222387
20230330-10h07m56s,50.182470214272
20230329-01h31m47s,62.429189036616464
20230330-03h53m26s,52.375353061572326
20230330-04h19m09s,61.22033888576752
20230330-08h07m17s,81.15728514299948
20230330-03h10m51s,52.99653563569095
20230329-21h43m21s,70.97864056639511
20230330-01h40m11s,52.410346147193735
20230330-06h43m50s,75.46087757377356
20230330-10h13m23s,70.32159526827749
20230329-01h36m50s,80.08939531420677
20230329-18h21m46s,47.32586469327154
20230330-04h08m47s,51.77178078763333
20230330-00h48m34s,70.33244918607804
20230329-21h38m14s,81.08773631198622
20230329-15h25m44s,57.0698190221253
20230328-19h30m22s,69.20339563917085
20230330-01h08m49s,49.98466124644452
20230329-18h26m54s,53.26019973424471
20230329-03h19m26s,51.82868317890805
20230329-19h01m15s,53.89052423992686
20230330-05h37m25s,50.54096458781234
20230330-06h53m52s,55.823000682255014
20230330-05h27m21s,68.50861738476553
20230329-17h19m01s,74.42187886633579
20230330-03h48m18s,52.82536154827798
20230330-14h58m44s,84.56220405852
20230330-07h21m25s,80.95804731707048
20230328-18h13m58s,70.28028201699661
20230329-22h08m44s,47.25895781474745
20230329-01h16m19s,51.855819122702115
20230329-15h20m36s,53.85158663255666
20230329-20h49m31s,68.90758633331055
20230329-01h00m11s,53.43958781955948
20230329-19h11m50s,68.63722696291214
20230329-21h20m48s,47.825331434964795
20230330-12h28m18s,67.13767395669933
20230330-00h22m50s,54.0520444277075
20230330-08h27m46s,69.62154129227665
20230330-13h08m43s,46.11600070933545
20230329-01h57m18s,68.50263002567667
20230328-19h20m12s,67.13859329424756
